from_city,to_city,travel_time_min,frequency_per_day,n_airlines,operator
Amsterdam,Barcelona,138,12.2,5,air
Amsterdam,Bilbao,133,7.0,2,air
Amsterdam,Bordeaux,115,10.5,3,air
Amsterdam,Bremen,66,7.0,2,air
Amsterdam,Brussels,58,4.2,1,air
Amsterdam,Cologne,61,0.3,2,air
Amsterdam,Dusseldorf,59,7.0,2,air
Amsterdam,Frankfurt,72,10.5,4,air
Amsterdam,Geneva,97,7.2,2,air
Amsterdam,Hamburg,72,4.8,3,air
Amsterdam,Hannover,70,7.0,2,air
Amsterdam,Leipzig,84,3.5,1,air
Amsterdam,Lisbon,185,6.7,8,air
Amsterdam,London,72,37.5,8,air
Amsterdam,Lyon,100,2.2,2,air
Amsterdam,Madrid,156,9.4,3,air
Amsterdam,Malaga,187,10.5,3,air
Amsterdam,Marseille,121,2.6,2,air
Amsterdam,Milan,107,12.2,4,air
Amsterdam,Munich,95,10.0,2,air
Amsterdam,Nantes,100,7.0,2,air
Amsterdam,Naples,155,0.4,1,air
Amsterdam,Nice,119,10.5,3,air
Amsterdam,Nuremberg,86,3.5,1,air
Amsterdam,Palermo,174,10.5,3,air
Amsterdam,Palma,153,10.5,3,air
Amsterdam,Paris,77,10.1,3,air
Amsterdam,Porto,166,3.7,4,air
Amsterdam,Rome,142,6.7,4,air
Amsterdam,Seville,185,1.3,3,air
Amsterdam,Strasbourg,80,4.9,4,air
Amsterdam,Stuttgart,83,4.4,1,air
Amsterdam,Toulouse,121,2.8,2,air
Amsterdam,Turin,108,1.5,1,air
Amsterdam,Valencia,157,3.4,3,air
Amsterdam,Venice,116,3.9,3,air
Amsterdam,Vienna,115,7.1,2,air
Amsterdam,Zurich,91,9.5,3,air
Antwerp,London,69,7.0,2,air
Barcelona,Amsterdam,138,12.2,5,air
Barcelona,Bilbao,80,7.0,2,air
Barcelona,Bordeaux,78,7.0,2,air
Barcelona,Brussels,125,8.4,5,air
Barcelona,Cologne,129,3.1,1,air
Barcelona,Dortmund,135,7.0,2,air
Barcelona,Dresden,149,7.0,2,air
Barcelona,Dusseldorf,131,14.0,4,air
Barcelona,Frankfurt,127,6.7,4,air
Barcelona,Geneva,92,4.9,2,air
Barcelona,Genoa,93,7.0,2,air
Barcelona,Granada,96,7.0,2,air
Barcelona,Hamburg,155,2.4,4,air
Barcelona,Hannover,146,10.5,3,air
Barcelona,Leipzig,146,7.0,2,air
Barcelona,Lille,122,7.0,2,air
Barcelona,Lisbon,120,8.8,4,air
Barcelona,London,130,24.9,8,air
Barcelona,Lyon,85,1.4,3,air
Barcelona,Madrid,83,16.5,3,air
Barcelona,Malaga,103,10.5,3,air
Barcelona,Marseille,70,1.2,2,air
Barcelona,Milan,99,13.6,6,air
Barcelona,Munich,124,6.6,3,air
Barcelona,Nantes,98,7.0,2,air
Barcelona,Naples,121,0.7,2,air
Barcelona,Nice,82,10.5,3,air
Barcelona,Nuremberg,130,7.0,2,air
Barcelona,Palermo,122,7.0,2,air
Barcelona,Palma,60,20.0,6,air
Barcelona,Paris,107,17.2,6,air
Barcelona,Porto,112,5.2,5,air
Barcelona,Rome,110,12.2,4,air
Barcelona,Rotterdam,134,3.5,1,air
Barcelona,Seville,107,7.7,3,air
Barcelona,Strasbourg,113,3.2,2,air
Barcelona,Stuttgart,119,2.7,3,air
Barcelona,Toulouse,64,0.1,2,air
Barcelona,Turin,90,1.4,3,air
Barcelona,Venice,115,4.2,3,air
Barcelona,Vienna,146,5.3,6,air
Barcelona,Zurich,108,5.8,3,air
Bilbao,Amsterdam,133,7.0,2,air
Bilbao,Barcelona,80,7.0,2,air
Bilbao,Brussels,120,7.0,2,air
Bilbao,Dusseldorf,131,3.5,1,air
Bilbao,Frankfurt,132,3.5,1,air
Bilbao,Geneva,104,3.5,1,air
Bilbao,Lisbon,99,14.0,4,air
Bilbao,London,116,10.5,3,air
Bilbao,Madrid,69,7.0,2,air
Bilbao,Malaga,100,7.0,2,air
Bilbao,Milan,119,7.0,2,air
Bilbao,Munich,139,3.5,1,air
Bilbao,Palma,92,14.0,4,air
Bilbao,Paris,101,17.5,5,air
Bilbao,Rome,140,3.5,1,air
Bilbao,Seville,98,7.0,2,air
Bilbao,Stuttgart,129,3.5,1,air
Bilbao,Valencia,80,3.5,1,air
Bilbao,Venice,138,3.5,1,air
Bordeaux,Amsterdam,115,10.5,3,air
Bordeaux,Barcelona,78,7.0,2,air
Bordeaux,Brussels,102,7.0,2,air
Bordeaux,Geneva,86,7.0,2,air
Bordeaux,Lille,97,7.0,2,air
Bordeaux,Lisbon,119,7.0,2,air
Bordeaux,London,101,10.5,3,air
Bordeaux,Lyon,78,7.0,2,air
Bordeaux,Madrid,87,3.5,1,air
Bordeaux,Malaga,117,3.5,1,air
Bordeaux,Marseille,83,7.0,2,air
Bordeaux,Milan,103,3.5,1,air
Bordeaux,Munich,120,3.5,1,air
Bordeaux,Nantes,66,7.0,2,air
Bordeaux,Nice,93,7.0,2,air
Bordeaux,Palermo,148,3.5,1,air
Bordeaux,Palma,93,10.5,3,air
Bordeaux,Paris,82,7.0,2,air
Bordeaux,Porto,103,3.5,1,air
Bordeaux,Rome,128,14.0,4,air
Bordeaux,Seville,116,3.5,1,air
Bordeaux,Strasbourg,102,10.5,3,air
Bordeaux,Venice,121,3.5,1,air
Bordeaux,Zurich,102,3.5,1,air
Bremen,Amsterdam,66,7.0,2,air
Bremen,Frankfurt,70,3.5,1,air
Bremen,Leipzig,68,3.5,1,air
Bremen,London,92,3.5,1,air
Bremen,Malaga,202,3.5,1,air
Bremen,Milan,109,3.5,1,air
Bremen,Munich,89,3.5,1,air
Bremen,Palma,163,10.5,3,air
Bremen,Paris,94,7.0,2,air
Bremen,Porto,185,3.5,1,air
Bremen,Stuttgart,81,3.5,1,air
Bremen,Toulouse,134,3.5,1,air
Bremen,Venice,112,3.5,1,air
Bremen,Vienna,102,3.5,1,air
Bremen,Zurich,93,3.5,1,air
Brussels,Amsterdam,58,4.2,1,air
Brussels,Barcelona,125,8.4,5,air
Brussels,Bilbao,120,7.0,2,air
Brussels,Bordeaux,102,7.0,2,air
Brussels,Frankfurt,69,6.6,3,air
Brussels,Geneva,85,6.0,4,air
Brussels,Genoa,105,3.5,1,air
Brussels,Hamburg,82,1.8,2,air
Brussels,Hannover,76,10.5,3,air
Brussels,Lisbon,173,5.4,8,air
Brussels,London,69,7.9,4,air
Brussels,Lyon,88,1.3,4,air
Brussels,Madrid,144,10.2,6,air
Brussels,Malaga,174,14.0,4,air
Brussels,Marseille,108,3.9,2,air
Brussels,Milan,97,9.9,7,air
Brussels,Munich,90,6.1,2,air
Brussels,Nantes,89,7.0,2,air
Brussels,Naples,146,0.4,2,air
Brussels,Nice,107,7.0,2,air
Brussels,Palermo,164,3.5,1,air
Brussels,Palma,140,14.0,4,air
Brussels,Paris,65,2.3,2,air
Brussels,Porto,155,3.2,5,air
Brussels,Rome,133,6.9,6,air
Brussels,Seville,173,1.2,2,air
Brussels,Strasbourg,71,0.8,4,air
Brussels,Stuttgart,76,0.2,1,air
Brussels,Toulouse,108,2.8,2,air
Brussels,Turin,97,0.8,2,air
Brussels,Valencia,144,1.6,3,air
Brussels,Venice,108,3.4,4,air
Brussels,Vienna,114,6.4,2,air
Brussels,Zurich,82,3.9,2,air
Cologne,Amsterdam,61,0.3,2,air
Cologne,Barcelona,129,3.0,1,air
Cologne,Dresden,81,3.5,1,air
Cologne,Hamburg,72,1.7,1,air
Cologne,Leipzig,74,3.5,1,air
Cologne,Lisbon,184,0.9,1,air
Cologne,London,82,7.1,2,air
Cologne,Malaga,181,10.5,3,air
Cologne,Milan,92,4.7,1,air
Cologne,Munich,79,8.1,3,air
Cologne,Naples,139,0.1,1,air
Cologne,Nice,105,3.5,1,air
Cologne,Palermo,158,3.5,1,air
Cologne,Palma,143,17.5,5,air
Cologne,Rome,127,1.8,1,air
Cologne,Venice,100,1.4,1,air
Cologne,Vienna,101,5.0,3,air
Cologne,Zurich,76,1.9,2,air
Dortmund,Barcelona,135,7.0,2,air
Dortmund,London,84,7.0,2,air
Dortmund,Malaga,187,3.5,1,air
Dortmund,Munich,81,7.0,2,air
Dortmund,Palma,148,10.5,3,air
Dortmund,Porto,171,3.5,1,air
Dresden,Barcelona,149,7.0,2,air
Dresden,Cologne,81,3.5,1,air
Dresden,Dusseldorf,81,7.0,2,air
Dresden,Frankfurt,73,3.5,1,air
Dresden,London,117,7.0,2,air
Dresden,Munich,72,3.5,1,air
Dresden,Palma,160,3.5,1,air
Dresden,Strasbourg,83,3.5,1,air
Dresden,Stuttgart,76,3.5,1,air
Dresden,Zurich,87,3.5,1,air
Dusseldorf,Amsterdam,59,7.0,2,air
Dusseldorf,Barcelona,131,14.0,4,air
Dusseldorf,Bilbao,131,3.5,1,air
Dusseldorf,Dresden,81,7.0,2,air
Dusseldorf,Frankfurt,59,7.0,2,air
Dusseldorf,Geneva,87,3.5,1,air
Dusseldorf,Hamburg,70,7.0,2,air
Dusseldorf,Leipzig,74,3.5,1,air
Dusseldorf,Lisbon,185,3.5,1,air
Dusseldorf,London,81,17.5,5,air
Dusseldorf,Lyon,92,3.5,1,air
Dusseldorf,Madrid,154,10.5,3,air
Dusseldorf,Malaga,183,7.0,2,air
Dusseldorf,Milan,95,10.5,3,air
Dusseldorf,Munich,81,7.0,2,air
Dusseldorf,Nantes,101,7.0,2,air
Dusseldorf,Naples,142,10.5,3,air
Dusseldorf,Nice,108,7.0,2,air
Dusseldorf,Nuremberg,72,7.0,2,air
Dusseldorf,Palma,145,17.5,5,air
Dusseldorf,Paris,76,10.5,3,air
Dusseldorf,Rome,129,10.5,3,air
Dusseldorf,Strasbourg,68,3.5,1,air
Dusseldorf,Stuttgart,69,3.5,1,air
Dusseldorf,Turin,97,3.5,1,air
Dusseldorf,Valencia,151,3.5,1,air
Dusseldorf,Venice,102,10.5,3,air
Dusseldorf,Vienna,102,10.5,3,air
Dusseldorf,Zurich,79,10.5,3,air
Frankfurt,Amsterdam,72,9.8,4,air
Frankfurt,Barcelona,127,6.6,4,air
Frankfurt,Bilbao,132,3.5,1,air
Frankfurt,Bremen,70,3.5,1,air
Frankfurt,Brussels,69,6.6,3,air
Frankfurt,Dresden,73,3.5,1,air
Frankfurt,Dusseldorf,59,7.0,2,air
Frankfurt,Geneva,81,5.5,4,air
Frankfurt,Hamburg,74,11.6,1,air
Frankfurt,Hannover,65,3.5,1,air
Frankfurt,Leipzig,67,3.5,1,air
Frankfurt,Lisbon,187,4.7,6,air
Frankfurt,London,93,19.8,5,air
Frankfurt,Lyon,87,2.0,3,air
Frankfurt,Madrid,153,8.7,8,air
Frankfurt,Malaga,182,7.0,2,air
Frankfurt,Marseille,105,2.3,2,air
Frankfurt,Milan,84,12.2,6,air
Frankfurt,Munich,68,11.8,2,air
Frankfurt,Naples,129,0.3,2,air
Frankfurt,Nice,99,3.5,1,air
Frankfurt,Nuremberg,59,3.5,1,air
Frankfurt,Palermo,149,3.5,1,air
Frankfurt,Palma,140,17.5,5,air
Frankfurt,Paris,81,8.3,2,air
Frankfurt,Porto,170,2.7,3,air
Frankfurt,Rome,117,5.5,4,air
Frankfurt,Strasbourg,59,3.7,3,air
Frankfurt,Stuttgart,56,4.2,1,air
Frankfurt,Toulouse,113,2.5,2,air
Frankfurt,Turin,87,1.8,1,air
Frankfurt,Valencia,149,1.5,3,air
Frankfurt,Venice,89,3.8,2,air
Frankfurt,Vienna,90,10.5,5,air
Frankfurt,Zurich,68,8.5,3,air
Geneva,Amsterdam,97,6.7,2,air
Geneva,Barcelona,92,4.6,2,air
Geneva,Bilbao,104,3.5,1,air
Geneva,Bordeaux,86,7.0,2,air
Geneva,Brussels,85,5.7,4,air
Geneva,Dusseldorf,87,3.5,1,air
Geneva,Frankfurt,81,5.1,4,air
Geneva,Hamburg,110,0.4,1,air
Geneva,Lille,86,3.5,1,air
Geneva,Lisbon,158,4.8,5,air
Geneva,London,101,22.1,4,air
Geneva,Madrid,122,5.3,4,air
Geneva,Malaga,148,7.0,2,air
Geneva,Marseille,70,0.3,1,air
Geneva,Munich,80,3.8,2,air
Geneva,Nantes,90,3.5,1,air
Geneva,Naples,111,0.2,1,air
Geneva,Nice,67,7.0,2,air
Geneva,Palma,104,7.0,2,air
Geneva,Paris,76,5.6,3,air
Geneva,Porto,143,6.2,5,air
Geneva,Rome,97,2.9,4,air
Geneva,Seville,150,0.5,1,air
Geneva,Stuttgart,72,0.1,1,air
Geneva,Toulouse,80,0.9,2,air
Geneva,Valencia,114,0.7,1,air
Geneva,Venice,82,0.6,1,air
Geneva,Vienna,105,2.4,2,air
Geneva,Zurich,62,6.9,3,air
Genoa,Barcelona,93,7.0,2,air
Genoa,Brussels,105,3.5,1,air
Genoa,London,123,7.0,2,air
Genoa,Munich,80,3.5,1,air
Genoa,Naples,89,3.5,1,air
Genoa,Palermo,104,3.5,1,air
Genoa,Paris,98,7.0,2,air
Genoa,Rome,75,3.5,1,air
Granada,Barcelona,96,7.0,2,air
Granada,London,166,7.0,2,air
Granada,Madrid,72,3.5,1,air
Granada,Palma,90,10.5,3,air
Hamburg,Amsterdam,72,4.9,5,air
Hamburg,Barcelona,155,2.4,4,air
Hamburg,Brussels,82,1.8,2,air
Hamburg,Cologne,72,1.7,1,air
Hamburg,Dusseldorf,70,7.0,2,air
Hamburg,Frankfurt,74,11.0,2,air
Hamburg,Geneva,110,0.4,1,air
Hamburg,Lisbon,210,1.7,2,air
Hamburg,London,99,8.2,5,air
Hamburg,Madrid,179,2.0,1,air
Hamburg,Malaga,208,14.0,4,air
Hamburg,Milan,113,2.3,2,air
Hamburg,Munich,91,12.4,2,air
Hamburg,Naples,154,0.1,2,air
Hamburg,Nice,128,7.0,2,air
Hamburg,Nuremberg,80,7.0,2,air
Hamburg,Palma,169,14.0,4,air
Hamburg,Paris,101,3.9,3,air
Hamburg,Rome,143,1.2,2,air
Hamburg,Strasbourg,88,1.3,3,air
Hamburg,Stuttgart,85,4.0,2,air
Hamburg,Toulouse,140,0.0,2,air
Hamburg,Venice,114,0.4,2,air
Hamburg,Vienna,101,5.5,4,air
Hamburg,Zurich,97,6.5,3,air
Hannover,Amsterdam,70,7.0,2,air
Hannover,Barcelona,146,10.5,3,air
Hannover,Brussels,76,10.5,3,air
Hannover,Frankfurt,65,3.5,1,air
Hannover,London,96,14.0,4,air
Hannover,Malaga,200,7.0,2,air
Hannover,Milan,103,3.5,1,air
Hannover,Munich,82,3.5,1,air
Hannover,Naples,144,3.5,1,air
Hannover,Palma,159,14.0,4,air
Hannover,Paris,94,7.0,2,air
Hannover,Rome,134,3.5,1,air
Hannover,Stuttgart,75,7.0,2,air
Hannover,Venice,105,3.5,1,air
Hannover,Vienna,95,10.5,3,air
Hannover,Zurich,87,7.0,2,air
Leipzig,Amsterdam,84,3.5,1,air
Leipzig,Barcelona,146,7.0,2,air
Leipzig,Bremen,68,3.5,1,air
Leipzig,Cologne,74,3.5,1,air
Leipzig,Dusseldorf,74,3.5,1,air
Leipzig,Frankfurt,67,3.5,1,air
Leipzig,London,110,3.5,1,air
Leipzig,Munich,72,3.5,1,air
Leipzig,Palma,158,7.0,2,air
Leipzig,Paris,102,3.5,1,air
Leipzig,Stuttgart,72,3.5,1,air
Leipzig,Vienna,79,7.0,2,air
Leipzig,Zurich,84,3.5,1,air
Liege,Lille,58,3.5,1,air
Liege,Palma,139,3.5,1,air
Lille,Barcelona,122,7.0,2,air
Lille,Bordeaux,97,7.0,2,air
Lille,Geneva,86,3.5,1,air
Lille,Liege,58,3.5,1,air
Lille,Lyon,87,3.5,1,air
Lille,Marseille,108,7.0,2,air
Lille,Nantes,83,3.5,1,air
Lille,Nice,108,7.0,2,air
Lille,Porto,149,3.5,1,air
Lille,Strasbourg,76,3.5,1,air
Lille,Toulouse,104,7.0,2,air
Lille,Venice,112,3.5,1,air
Lisbon,Amsterdam,185,7.5,8,air
Lisbon,Barcelona,120,10.3,4,air
Lisbon,Bilbao,99,10.5,3,air
Lisbon,Bordeaux,119,7.0,2,air
Lisbon,Brussels,173,6.1,8,air
Lisbon,Cologne,184,1.0,1,air
Lisbon,Dusseldorf,185,3.5,1,air
Lisbon,Frankfurt,187,5.0,5,air
Lisbon,Geneva,158,5.9,4,air
Lisbon,Hamburg,210,1.7,2,air
Lisbon,London,164,18.4,8,air
Lisbon,Lyon,149,1.8,2,air
Lisbon,Madrid,83,16.4,6,air
Lisbon,Malaga,80,10.5,3,air
Lisbon,Marseille,144,2.5,2,air
Lisbon,Milan,171,6.9,3,air
Lisbon,Munich,192,4.2,2,air
Lisbon,Nantes,130,3.5,1,air
Lisbon,Nice,156,7.0,2,air
Lisbon,Paris,154,15.6,9,air
Lisbon,Porto,66,9.9,4,air
Lisbon,Rome,185,5.4,2,air
Lisbon,Seville,69,2.7,2,air
Lisbon,Strasbourg,175,1.0,1,air
Lisbon,Stuttgart,183,0.6,1,air
Lisbon,Toulouse,123,2.4,1,air
Lisbon,Valencia,102,1.4,2,air
Lisbon,Venice,189,1.8,2,air
Lisbon,Vienna,217,1.7,2,air
Lisbon,Zurich,174,4.8,4,air
London,Amsterdam,72,38.0,8,air
London,Antwerp,69,7.0,2,air
London,Barcelona,130,24.9,8,air
London,Bilbao,116,10.5,3,air
London,Bordeaux,101,10.5,3,air
London,Bremen,92,3.5,1,air
London,Brussels,69,8.3,4,air
London,Cologne,82,7.4,2,air
London,Dortmund,84,7.0,2,air
London,Dresden,117,7.0,2,air
London,Dusseldorf,81,17.5,5,air
London,Frankfurt,93,20.8,5,air
London,Geneva,101,24.0,4,air
London,Genoa,123,7.0,2,air
London,Granada,166,7.0,2,air
London,Hamburg,99,8.1,5,air
London,Hannover,96,14.0,4,air
London,Leipzig,110,3.5,1,air
London,Lisbon,164,15.8,9,air
London,Lyon,100,3.8,3,air
London,Madrid,140,21.2,5,air
London,Malaga,171,20.0,8,air
London,Marseille,120,5.5,4,air
London,Milan,117,29.5,7,air
London,Munich,114,13.6,5,air
London,Murcia,158,7.0,2,air
London,Nantes,82,10.5,3,air
London,Naples,166,1.4,5,air
London,Nice,122,17.5,5,air
London,Nuremberg,107,3.5,1,air
London,Palermo,182,14.0,4,air
London,Palma,146,20.0,9,air
London,Paris,71,18.1,7,air
London,Porto,144,7.4,4,air
London,Rome,153,17.2,8,air
London,Rotterdam,69,17.5,5,air
London,Seville,168,4.8,2,air
London,Strasbourg,94,5.6,6,air
London,Stuttgart,100,4.2,4,air
London,Toulouse,112,4.6,3,air
London,Turin,114,3.0,2,air
London,Valencia,145,3.3,2,air
London,Venice,130,9.6,6,air
London,Vienna,138,11.8,5,air
London,Zurich,103,19.6,5,air
Lyon,Amsterdam,100,1.4,2,air
Lyon,Barcelona,85,0.8,3,air
Lyon,Bordeaux,78,7.0,2,air
Lyon,Brussels,88,0.8,4,air
Lyon,Dusseldorf,92,3.5,1,air
Lyon,Frankfurt,87,1.3,2,air
Lyon,Lille,87,3.5,1,air
Lyon,Lisbon,149,0.9,2,air
Lyon,London,100,2.3,3,air
Lyon,Madrid,113,1.4,2,air
Lyon,Malaga,140,7.0,2,air
Lyon,Marseille,66,0.6,1,air
Lyon,Milan,70,0.4,3,air
Lyon,Munich,88,1.0,1,air
Lyon,Nantes,84,7.0,2,air
Lyon,Nice,67,7.0,2,air
Lyon,Palma,98,7.0,2,air
Lyon,Paris,74,1.8,2,air
Lyon,Porto,135,1.0,2,air
Lyon,Rome,101,0.8,4,air
Lyon,Seville,142,0.2,3,air
Lyon,Strasbourg,74,0.6,1,air
Lyon,Toulouse,72,1.6,3,air
Lyon,Venice,89,0.4,3,air
Lyon,Vienna,114,0.4,2,air
Lyon,Zurich,70,0.1,1,air
Madrid,Amsterdam,156,8.8,3,air
Madrid,Barcelona,83,14.8,4,air
Madrid,Bilbao,69,7.0,2,air
Madrid,Bordeaux,87,3.5,1,air
Madrid,Brussels,144,9.4,6,air
Madrid,Dusseldorf,154,10.5,3,air
Madrid,Frankfurt,153,8.1,8,air
Madrid,Geneva,122,5.2,4,air
Madrid,Granada,72,3.5,1,air
Madrid,Hamburg,179,1.9,1,air
Madrid,Lisbon,83,13.2,6,air
Madrid,London,140,19.7,5,air
Madrid,Lyon,113,2.0,2,air
Madrid,Malaga,76,7.0,2,air
Madrid,Marseille,106,3.3,2,air
Madrid,Milan,134,11.0,4,air
Madrid,Munich,156,7.4,4,air
Madrid,Murcia,71,3.5,1,air
Madrid,Nantes,103,3.5,1,air
Madrid,Nice,118,3.5,1,air
Madrid,Palermo,157,3.5,1,air
Madrid,Palma,86,14.0,4,air
Madrid,Paris,124,17.9,6,air
Madrid,Porto,77,9.6,6,air
Madrid,Rome,147,12.5,4,air
Madrid,Rotterdam,152,3.5,1,air
Madrid,Seville,74,3.5,1,air
Madrid,Strasbourg,141,1.0,2,air
Madrid,Toulouse,87,2.8,1,air
Madrid,Turin,125,1.5,1,air
Madrid,Valencia,68,3.6,3,air
Madrid,Venice,151,4.7,1,air
Madrid,Vienna,181,3.6,3,air
Madrid,Zurich,139,6.0,3,air
Malaga,Amsterdam,187,10.5,3,air
Malaga,Barcelona,103,10.5,3,air
Malaga,Bilbao,100,7.0,2,air
Malaga,Bordeaux,117,3.5,1,air
Malaga,Bremen,202,3.5,1,air
Malaga,Brussels,174,17.5,5,air
Malaga,Cologne,181,10.5,3,air
Malaga,Dortmund,187,3.5,1,air
Malaga,Dusseldorf,183,7.0,2,air
Malaga,Frankfurt,182,7.0,2,air
Malaga,Geneva,148,7.0,2,air
Malaga,Hamburg,208,14.0,4,air
Malaga,Hannover,200,7.0,2,air
Malaga,Lille,169,3.5,1,air
Malaga,Lisbon,80,7.0,2,air
Malaga,London,171,20.0,8,air
Malaga,Lyon,140,7.0,2,air
Malaga,Madrid,76,7.0,2,air
Malaga,Marseille,128,3.5,1,air
Malaga,Milan,157,7.0,2,air
Malaga,Munich,181,17.5,5,air
Malaga,Nantes,134,7.0,2,air
Malaga,Nuremberg,187,3.5,1,air
Malaga,Palma,97,17.5,5,air
Malaga,Paris,154,20.0,7,air
Malaga,Rome,162,14.0,4,air
Malaga,Rotterdam,182,3.5,1,air
Malaga,Strasbourg,169,3.5,1,air
Malaga,Stuttgart,175,7.0,2,air
Malaga,Toulouse,113,7.0,2,air
Malaga,Valencia,80,3.5,1,air
Malaga,Venice,173,3.5,1,air
Malaga,Vienna,204,7.0,2,air
Malaga,Zurich,164,3.5,1,air
Marseille,Amsterdam,121,2.7,2,air
Marseille,Barcelona,70,1.2,2,air
Marseille,Bordeaux,83,7.0,2,air
Marseille,Brussels,108,3.4,2,air
Marseille,Frankfurt,105,2.2,2,air
Marseille,Geneva,70,0.3,1,air
Marseille,Lille,108,7.0,2,air
Marseille,Lisbon,144,2.2,2,air
Marseille,London,120,5.5,4,air
Marseille,Lyon,66,1.2,1,air
Marseille,Madrid,106,3.5,2,air
Marseille,Malaga,128,3.5,1,air
Marseille,Milan,74,1.3,4,air
Marseille,Munich,99,2.4,1,air
Marseille,Nantes,97,7.0,2,air
Marseille,Palermo,111,3.5,1,air
Marseille,Palma,80,10.5,3,air
Marseille,Paris,95,10.4,9,air
Marseille,Porto,133,1.2,1,air
Marseille,Rome,90,1.5,3,air
Marseille,Seville,132,0.6,1,air
Marseille,Strasbourg,91,0.8,2,air
Marseille,Toulouse,69,1.4,1,air
Marseille,Valencia,93,0.4,1,air
Marseille,Venice,90,0.7,2,air
Milan,Amsterdam,107,11.5,4,air
Milan,Barcelona,99,13.8,6,air
Milan,Bilbao,119,7.0,2,air
Milan,Bordeaux,103,3.5,1,air
Milan,Bremen,109,3.5,1,air
Milan,Brussels,97,9.7,7,air
Milan,Cologne,92,4.3,1,air
Milan,Dusseldorf,95,10.5,3,air
Milan,Frankfurt,84,12.1,6,air
Milan,Hamburg,113,2.3,2,air
Milan,Hannover,103,3.5,1,air
Milan,Lisbon,171,6.0,4,air
Milan,London,117,29.6,7,air
Milan,Lyon,70,0.5,3,air
Milan,Madrid,134,12.4,4,air
Milan,Malaga,157,7.0,2,air
Milan,Marseille,74,1.3,4,air
Milan,Munich,71,6.5,1,air
Milan,Nantes,108,10.5,3,air
Milan,Naples,94,2.0,5,air
Milan,Palermo,112,14.0,4,air
Milan,Palma,108,7.0,2,air
Milan,Paris,93,19.6,6,air
Milan,Porto,159,3.0,3,air
Milan,Rome,81,15.6,6,air
Milan,Seville,161,1.4,1,air
Milan,Stuttgart,73,1.9,1,air
Milan,Toulouse,94,0.6,1,air
Milan,Valencia,122,2.7,1,air
Milan,Vienna,92,7.0,6,air
Milan,Zurich,61,5.0,1,air
Munich,Amsterdam,95,9.9,2,air
Munich,Barcelona,124,6.6,3,air
Munich,Bilbao,139,3.5,1,air
Munich,Bordeaux,120,3.5,1,air
Munich,Bremen,89,3.5,1,air
Munich,Brussels,90,6.1,2,air
Munich,Cologne,79,8.0,2,air
Munich,Dortmund,81,7.0,2,air
Munich,Dresden,72,3.5,1,air
Munich,Dusseldorf,81,10.5,3,air
Munich,Frankfurt,68,11.8,3,air
Munich,Geneva,80,3.9,2,air
Munich,Genoa,80,3.5,1,air
Munich,Hamburg,91,12.4,2,air
Munich,Hannover,82,3.5,1,air
Munich,Leipzig,72,3.5,1,air
Munich,Lisbon,192,3.7,3,air
Munich,London,114,13.4,5,air
Munich,Lyon,88,1.6,1,air
Munich,Madrid,156,7.9,6,air
Munich,Malaga,181,17.5,5,air
Munich,Marseille,99,2.4,1,air
Munich,Milan,71,6.6,1,air
Munich,Nantes,119,3.5,1,air
Munich,Naples,108,0.6,3,air
Munich,Nice,90,3.5,1,air
Munich,Nuremberg,56,3.5,1,air
Munich,Palermo,129,3.5,1,air
Munich,Palma,134,14.0,4,air
Munich,Paris,96,8.7,2,air
Munich,Porto,178,1.6,1,air
Munich,Rome,97,5.8,2,air
Munich,Rotterdam,94,3.5,1,air
Munich,Strasbourg,67,2.3,3,air
Munich,Stuttgart,59,3.9,1,air
Munich,Toulouse,115,2.6,1,air
Munich,Turin,79,2.1,1,air
Munich,Valencia,147,0.8,1,air
Munich,Venice,68,3.5,2,air
Munich,Vienna,72,5.6,5,air
Munich,Zurich,63,6.0,2,air
Murcia,London,158,7.0,2,air
Murcia,Madrid,71,3.5,1,air
Nantes,Amsterdam,100,7.0,2,air
Nantes,Barcelona,98,7.0,2,air
Nantes,Bordeaux,66,7.0,2,air
Nantes,Brussels,89,7.0,2,air
Nantes,Dusseldorf,101,7.0,2,air
Nantes,Geneva,90,3.5,1,air
Nantes,Lille,83,3.5,1,air
Nantes,Lisbon,130,3.5,1,air
Nantes,London,82,10.5,3,air
Nantes,Lyon,84,10.5,3,air
Nantes,Madrid,103,3.5,1,air
Nantes,Malaga,134,7.0,2,air
Nantes,Marseille,97,7.0,2,air
Nantes,Milan,108,10.5,3,air
Nantes,Munich,119,3.5,1,air
Nantes,Naples,153,3.5,1,air
Nantes,Nice,104,7.0,2,air
Nantes,Palermo,164,3.5,1,air
Nantes,Palma,114,3.5,1,air
Nantes,Paris,71,10.5,3,air
Nantes,Porto,111,3.5,1,air
Nantes,Rome,139,14.0,4,air
Nantes,Seville,131,10.5,3,air
Nantes,Strasbourg,98,10.5,3,air
Nantes,Toulouse,80,7.0,2,air
Nantes,Valencia,110,3.5,1,air
Nantes,Venice,126,7.0,2,air
Naples,Amsterdam,155,3.5,1,air
Naples,Barcelona,121,7.0,2,air
Naples,Brussels,146,7.0,2,air
Naples,Cologne,139,3.5,1,air
Naples,Dusseldorf,142,10.5,3,air
Naples,Frankfurt,129,7.0,2,air
Naples,Geneva,111,3.5,1,air
Naples,Genoa,89,3.5,1,air
Naples,Hamburg,154,7.0,2,air
Naples,Hannover,144,3.5,1,air
Naples,London,166,17.5,5,air
Naples,Milan,94,17.5,5,air
Naples,Munich,108,10.5,3,air
Naples,Nantes,153,3.5,1,air
Naples,Nice,94,3.5,1,air
Naples,Palermo,69,7.0,2,air
Naples,Paris,142,14.0,4,air
Naples,Rome,59,0.0,1,air
Naples,Strasbourg,120,3.5,1,air
Naples,Stuttgart,118,10.5,3,air
Naples,Turin,98,7.0,2,air
Naples,Venice,85,7.0,2,air
Naples,Vienna,108,3.5,1,air
Naples,Zurich,109,7.0,2,air
Nice,Amsterdam,119,10.5,3,air
Nice,Barcelona,82,10.5,3,air
Nice,Bordeaux,93,7.0,2,air
Nice,Brussels,107,7.0,2,air
Nice,Cologne,105,3.5,1,air
Nice,Dusseldorf,108,7.0,2,air
Nice,Frankfurt,99,3.5,1,air
Nice,Geneva,67,7.0,2,air
Nice,Hamburg,128,7.0,2,air
Nice,Lille,108,7.0,2,air
Nice,Lisbon,156,10.5,3,air
Nice,London,122,17.5,5,air
Nice,Lyon,67,7.0,2,air
Nice,Madrid,118,3.5,1,air
Nice,Munich,90,3.5,1,air
Nice,Nantes,104,7.0,2,air
Nice,Naples,94,3.5,1,air
Nice,Paris,96,7.0,2,air
Nice,Rome,80,10.5,3,air
Nice,Rotterdam,115,3.5,1,air
Nice,Strasbourg,86,7.0,2,air
Nice,Toulouse,80,7.0,2,air
Nice,Venice,78,10.5,3,air
Nice,Vienna,110,10.5,3,air
Nice,Zurich,76,3.5,1,air
Nuremberg,Amsterdam,86,3.5,1,air
Nuremberg,Barcelona,130,7.0,2,air
Nuremberg,Dusseldorf,72,7.0,2,air
Nuremberg,Frankfurt,59,3.5,1,air
Nuremberg,Hamburg,80,7.0,2,air
Nuremberg,London,107,3.5,1,air
Nuremberg,Malaga,187,3.5,1,air
Nuremberg,Munich,56,3.5,1,air
Nuremberg,Palma,141,7.0,2,air
Nuremberg,Paris,93,7.0,2,air
Nuremberg,Vienna,76,3.5,1,air
Nuremberg,Zurich,67,7.0,2,air
Palermo,Amsterdam,174,7.0,2,air
Palermo,Barcelona,122,7.0,2,air
Palermo,Bordeaux,148,3.5,1,air
Palermo,Brussels,164,3.5,1,air
Palermo,Cologne,158,3.5,1,air
Palermo,Frankfurt,149,3.5,1,air
Palermo,Genoa,104,3.5,1,air
Palermo,London,182,14.0,4,air
Palermo,Madrid,157,3.5,1,air
Palermo,Marseille,111,3.5,1,air
Palermo,Milan,112,14.0,4,air
Palermo,Munich,129,3.5,1,air
Palermo,Nantes,164,3.5,1,air
Palermo,Naples,69,7.0,2,air
Palermo,Paris,156,20.0,6,air
Palermo,Rome,77,14.0,4,air
Palermo,Seville,172,3.5,1,air
Palermo,Strasbourg,139,3.5,1,air
Palermo,Turin,113,10.5,3,air
Palermo,Venice,106,14.0,4,air
Palermo,Vienna,131,3.5,1,air
Palma,Amsterdam,153,10.5,3,air
Palma,Barcelona,60,20.0,6,air
Palma,Bilbao,92,14.0,4,air
Palma,Bordeaux,93,10.5,3,air
Palma,Bremen,163,10.5,3,air
Palma,Brussels,140,14.0,4,air
Palma,Cologne,143,17.5,5,air
Palma,Dortmund,148,10.5,3,air
Palma,Dresden,160,3.5,1,air
Palma,Dusseldorf,145,17.5,5,air
Palma,Frankfurt,140,17.5,5,air
Palma,Geneva,104,7.0,2,air
Palma,Granada,90,10.5,3,air
Palma,Hamburg,169,14.0,4,air
Palma,Hannover,159,14.0,4,air
Palma,Leipzig,158,7.0,2,air
Palma,Liege,139,3.5,1,air
Palma,London,146,20.0,9,air
Palma,Lyon,98,7.0,2,air
Palma,Madrid,86,14.0,4,air
Palma,Malaga,97,14.0,4,air
Palma,Marseille,80,10.5,3,air
Palma,Milan,108,7.0,2,air
Palma,Munich,134,14.0,4,air
Palma,Nantes,114,3.5,1,air
Palma,Nuremberg,141,7.0,2,air
Palma,Paris,122,17.5,5,air
Palma,Porto,118,3.5,1,air
Palma,Rome,110,3.5,1,air
Palma,Rotterdam,149,3.5,1,air
Palma,Seville,104,14.0,4,air
Palma,Strasbourg,126,10.5,3,air
Palma,Stuttgart,131,14.0,4,air
Palma,Toulouse,79,7.0,2,air
Palma,Valencia,65,17.5,5,air
Palma,Vienna,154,10.5,3,air
Palma,Zurich,119,7.0,2,air
Paris,Amsterdam,77,11.4,3,air
Paris,Barcelona,107,19.7,6,air
Paris,Bilbao,101,17.5,5,air
Paris,Bordeaux,82,7.0,2,air
Paris,Bremen,94,7.0,2,air
Paris,Brussels,65,3.1,2,air
Paris,Dusseldorf,76,10.5,3,air
Paris,Frankfurt,81,10.7,2,air
Paris,Geneva,76,8.6,3,air
Paris,Genoa,98,7.0,2,air
Paris,Hamburg,101,4.6,3,air
Paris,Hannover,94,7.0,2,air
Paris,Leipzig,102,3.5,1,air
Paris,Lisbon,154,15.5,9,air
Paris,London,71,22.3,7,air
Paris,Lyon,74,3.8,5,air
Paris,Madrid,124,21.7,6,air
Paris,Malaga,154,20.0,7,air
Paris,Marseille,95,13.1,3,air
Paris,Milan,93,26.5,6,air
Paris,Munich,96,9.9,2,air
Paris,Nantes,71,7.0,2,air
Paris,Naples,142,1.2,4,air
Paris,Nice,96,7.0,2,air
Paris,Nuremberg,93,7.0,2,air
Paris,Palermo,156,20.0,6,air
Paris,Palma,122,17.5,5,air
Paris,Porto,136,14.6,7,air
Paris,Rome,128,17.9,7,air
Paris,Seville,153,4.7,4,air
Paris,Strasbourg,75,2.9,3,air
Paris,Stuttgart,82,2.0,2,air
Paris,Toulouse,89,23.3,8,air
Paris,Turin,89,2.5,2,air
Paris,Valencia,125,3.7,5,air
Paris,Venice,108,10.3,5,air
Paris,Vienna,123,8.6,4,air
Paris,Zurich,82,6.6,2,air
Porto,Amsterdam,166,3.7,3,air
Porto,Barcelona,112,5.2,5,air
Porto,Bordeaux,103,3.5,1,air
Porto,Bremen,185,3.5,1,air
Porto,Brussels,155,3.7,5,air
Porto,Dortmund,171,3.5,1,air
Porto,Frankfurt,170,2.8,3,air
Porto,Geneva,143,6.5,3,air
Porto,Lille,149,3.5,1,air
Porto,Lisbon,66,8.1,5,air
Porto,London,144,7.9,4,air
Porto,Lyon,135,1.5,2,air
Porto,Madrid,77,9.8,6,air
Porto,Marseille,133,1.2,1,air
Porto,Milan,159,3.0,3,air
Porto,Munich,178,1.6,1,air
Porto,Nantes,111,3.5,1,air
Porto,Palma,118,3.5,1,air
Porto,Paris,136,13.9,7,air
Porto,Rome,177,1.1,3,air
Porto,Strasbourg,159,2.0,2,air
Porto,Valencia,99,1.0,1,air
Porto,Zurich,160,3.7,3,air
Rome,Amsterdam,142,6.8,4,air
Rome,Barcelona,110,12.2,4,air
Rome,Bilbao,140,3.5,1,air
Rome,Bordeaux,128,14.0,4,air
Rome,Brussels,133,7.3,6,air
Rome,Cologne,127,1.8,1,air
Rome,Dusseldorf,129,10.5,3,air
Rome,Frankfurt,117,6.0,4,air
Rome,Geneva,97,3.2,4,air
Rome,Genoa,75,3.5,1,air
Rome,Hamburg,143,1.3,2,air
Rome,Hannover,134,3.5,1,air
Rome,Lisbon,185,4.7,3,air
Rome,London,153,18.5,8,air
Rome,Lyon,101,1.1,4,air
Rome,Madrid,147,13.5,4,air
Rome,Malaga,162,14.0,4,air
Rome,Marseille,90,1.6,3,air
Rome,Milan,81,16.7,5,air
Rome,Munich,97,5.9,2,air
Rome,Nantes,139,14.0,4,air
Rome,Naples,59,0.8,1,air
Rome,Nice,80,10.5,3,air
Rome,Palermo,77,14.0,4,air
Rome,Palma,110,3.5,1,air
Rome,Paris,128,15.0,7,air
Rome,Porto,177,1.2,3,air
Rome,Rotterdam,140,3.5,1,air
Rome,Seville,169,1.6,1,air
Rome,Strasbourg,107,1.4,5,air
Rome,Stuttgart,106,0.9,1,air
Rome,Toulouse,114,0.6,3,air
Rome,Turin,84,3.9,2,air
Rome,Valencia,129,2.3,4,air
Rome,Venice,75,4.3,2,air
Rome,Vienna,102,4.4,5,air
Rome,Zurich,96,5.1,3,air
Rotterdam,Barcelona,134,3.5,1,air
Rotterdam,London,69,17.5,5,air
Rotterdam,Madrid,152,3.5,1,air
Rotterdam,Malaga,182,3.5,1,air
Rotterdam,Munich,94,3.5,1,air
Rotterdam,Nice,115,3.5,1,air
Rotterdam,Palma,149,3.5,1,air
Rotterdam,Rome,140,3.5,1,air
Rotterdam,Valencia,153,3.5,1,air
Rotterdam,Vienna,116,3.5,1,air
Seville,Amsterdam,185,1.3,3,air
Seville,Barcelona,107,8.0,3,air
Seville,Bilbao,98,7.0,2,air
Seville,Bordeaux,116,3.5,1,air
Seville,Brussels,173,1.2,2,air
Seville,Geneva,150,0.5,1,air
Seville,Lisbon,69,2.3,3,air
Seville,London,168,4.8,2,air
Seville,Lyon,142,0.2,3,air
Seville,Madrid,74,3.8,1,air
Seville,Marseille,132,0.6,1,air
Seville,Milan,161,1.4,1,air
Seville,Nantes,131,10.5,3,air
Seville,Palermo,172,3.5,1,air
Seville,Palma,104,17.5,5,air
Seville,Paris,153,4.3,4,air
Seville,Rome,169,1.6,1,air
Seville,Strasbourg,170,0.2,1,air
Seville,Toulouse,115,0.5,2,air
Seville,Valencia,85,2.1,1,air
Strasbourg,Amsterdam,80,4.7,4,air
Strasbourg,Barcelona,113,3.0,2,air
Strasbourg,Bordeaux,102,10.5,3,air
Strasbourg,Brussels,71,0.7,3,air
Strasbourg,Dresden,83,3.5,1,air
Strasbourg,Dusseldorf,68,3.5,1,air
Strasbourg,Frankfurt,59,3.4,3,air
Strasbourg,Hamburg,88,1.3,3,air
Strasbourg,Lille,76,3.5,1,air
Strasbourg,Lisbon,175,0.8,1,air
Strasbourg,London,94,5.3,6,air
Strasbourg,Lyon,74,0.8,1,air
Strasbourg,Madrid,141,1.1,2,air
Strasbourg,Malaga,169,3.5,1,air
Strasbourg,Marseille,91,0.8,2,air
Strasbourg,Munich,67,2.2,3,air
Strasbourg,Nantes,98,10.5,3,air
Strasbourg,Naples,120,0.2,1,air
Strasbourg,Nice,86,7.0,2,air
Strasbourg,Palermo,139,3.5,1,air
Strasbourg,Palma,126,10.5,3,air
Strasbourg,Paris,75,2.0,3,air
Strasbourg,Porto,159,2.0,2,air
Strasbourg,Rome,107,1.4,5,air
Strasbourg,Seville,170,0.2,1,air
Strasbourg,Toulouse,100,1.5,2,air
Strasbourg,Venice,82,0.4,1,air
Strasbourg,Vienna,93,1.5,2,air
Stuttgart,Amsterdam,83,4.4,1,air
Stuttgart,Barcelona,119,2.7,3,air
Stuttgart,Bilbao,129,3.5,1,air
Stuttgart,Bremen,81,3.5,1,air
Stuttgart,Brussels,76,0.2,1,air
Stuttgart,Dresden,76,3.5,1,air
Stuttgart,Dusseldorf,69,3.5,1,air
Stuttgart,Frankfurt,56,3.9,1,air
Stuttgart,Geneva,72,0.1,1,air
Stuttgart,Hamburg,85,3.9,2,air
Stuttgart,Hannover,75,7.0,2,air
Stuttgart,Leipzig,72,3.5,1,air
Stuttgart,Lisbon,183,0.5,1,air
Stuttgart,London,100,4.1,4,air
Stuttgart,Malaga,175,7.0,2,air
Stuttgart,Milan,73,1.7,1,air
Stuttgart,Munich,59,3.8,2,air
Stuttgart,Naples,118,0.2,3,air
Stuttgart,Palma,131,14.0,4,air
Stuttgart,Paris,82,1.4,2,air
Stuttgart,Rome,106,0.8,1,air
Stuttgart,Venice,78,0.3,2,air
Stuttgart,Vienna,85,3.8,3,air
Stuttgart,Zurich,57,2.2,2,air
Toulouse,Amsterdam,121,2.8,2,air
Toulouse,Barcelona,64,0.1,2,air
Toulouse,Bremen,134,3.5,1,air
Toulouse,Brussels,108,3.2,2,air
Toulouse,Frankfurt,113,2.4,2,air
Toulouse,Geneva,80,1.0,2,air
Toulouse,Hamburg,140,0.0,2,air
Toulouse,Lille,104,7.0,2,air
Toulouse,Lisbon,123,2.1,1,air
Toulouse,London,112,4.6,3,air
Toulouse,Lyon,72,2.6,3,air
Toulouse,Madrid,87,3.0,1,air
Toulouse,Malaga,113,7.0,2,air
Toulouse,Marseille,69,1.3,1,air
Toulouse,Milan,94,0.6,1,air
Toulouse,Munich,115,2.6,1,air
Toulouse,Nantes,80,7.0,2,air
Toulouse,Nice,80,7.0,2,air
Toulouse,Palma,79,7.0,2,air
Toulouse,Paris,89,20.2,4,air
Toulouse,Rome,114,0.5,3,air
Toulouse,Seville,115,0.5,2,air
Toulouse,Strasbourg,100,1.6,2,air
Toulouse,Venice,111,0.4,2,air
Turin,Amsterdam,108,1.5,1,air
Turin,Barcelona,90,1.3,3,air
Turin,Brussels,97,0.8,3,air
Turin,Dusseldorf,97,3.5,1,air
Turin,Frankfurt,87,1.8,1,air
Turin,London,114,3.0,2,air
Turin,Madrid,125,1.6,1,air
Turin,Munich,79,2.0,1,air
Turin,Naples,98,0.3,2,air
Turin,Palermo,113,10.5,3,air
Turin,Paris,89,1.5,2,air
Turin,Rome,84,3.7,3,air
Turin,Zurich,65,0.1,1,air
Valencia,Amsterdam,157,3.4,3,air
Valencia,Bilbao,80,3.5,1,air
Valencia,Brussels,144,1.8,3,air
Valencia,Dusseldorf,151,3.5,1,air
Valencia,Frankfurt,149,1.3,3,air
Valencia,Geneva,114,0.8,1,air
Valencia,Lisbon,102,1.1,3,air
Valencia,London,145,3.6,2,air
Valencia,Madrid,68,3.9,3,air
Valencia,Malaga,80,3.5,1,air
Valencia,Marseille,93,0.4,1,air
Valencia,Milan,122,2.9,1,air
Valencia,Munich,147,0.7,1,air
Valencia,Nantes,110,3.5,1,air
Valencia,Palma,65,17.5,5,air
Valencia,Paris,125,3.3,5,air
Valencia,Porto,99,1.1,1,air
Valencia,Rome,129,2.5,4,air
Valencia,Rotterdam,153,3.5,1,air
Valencia,Seville,85,2.1,1,air
Valencia,Venice,138,0.7,1,air
Valencia,Vienna,169,0.8,2,air
Valencia,Zurich,130,1.4,1,air
Venice,Amsterdam,116,3.9,3,air
Venice,Barcelona,115,4.2,3,air
Venice,Bilbao,138,3.5,1,air
Venice,Bordeaux,121,3.5,1,air
Venice,Bremen,112,3.5,1,air
Venice,Brussels,108,3.5,4,air
Venice,Cologne,100,1.3,1,air
Venice,Dusseldorf,102,10.5,3,air
Venice,Frankfurt,89,3.9,2,air
Venice,Geneva,82,0.7,1,air
Venice,Hamburg,114,0.4,2,air
Venice,Hannover,105,3.5,1,air
Venice,Lille,112,3.5,1,air
Venice,Lisbon,189,1.5,2,air
Venice,London,130,9.6,6,air
Venice,Lyon,89,0.6,3,air
Venice,Madrid,151,5.0,1,air
Venice,Malaga,173,3.5,1,air
Venice,Marseille,90,0.7,2,air
Venice,Munich,68,3.5,2,air
Venice,Nantes,126,7.0,2,air
Venice,Naples,85,0.5,2,air
Venice,Nice,78,10.5,3,air
Venice,Palermo,106,14.0,4,air
Venice,Paris,108,8.0,5,air
Venice,Rome,75,4.0,1,air
Venice,Strasbourg,82,0.4,1,air
Venice,Stuttgart,78,0.3,2,air
Venice,Toulouse,111,0.5,2,air
Venice,Valencia,138,0.8,1,air
Venice,Vienna,78,4.5,1,air
Venice,Zurich,72,3.1,1,air
Vienna,Amsterdam,115,7.1,2,air
Vienna,Barcelona,146,5.3,6,air
Vienna,Bremen,102,3.5,1,air
Vienna,Brussels,114,6.4,2,air
Vienna,Cologne,101,5.0,3,air
Vienna,Dusseldorf,102,10.5,3,air
Vienna,Frankfurt,90,11.3,5,air
Vienna,Geneva,105,2.6,2,air
Vienna,Hamburg,101,5.5,4,air
Vienna,Hannover,95,10.5,3,air
Vienna,Leipzig,79,7.0,2,air
Vienna,Lisbon,217,1.6,2,air
Vienna,London,138,11.8,5,air
Vienna,Lyon,114,0.6,2,air
Vienna,Madrid,181,4.1,3,air
Vienna,Malaga,204,7.0,2,air
Vienna,Milan,92,7.6,6,air
Vienna,Munich,72,5.6,5,air
Vienna,Naples,108,0.4,1,air
Vienna,Nice,110,10.5,3,air
Vienna,Nuremberg,76,3.5,1,air
Vienna,Palermo,131,3.5,1,air
Vienna,Palma,154,10.5,3,air
Vienna,Paris,123,7.8,4,air
Vienna,Rome,102,4.3,5,air
Vienna,Rotterdam,116,3.5,1,air
Vienna,Strasbourg,93,1.6,2,air
Vienna,Stuttgart,85,4.0,3,air
Vienna,Valencia,169,0.8,2,air
Vienna,Venice,78,4.5,1,air
Vienna,Zurich,89,7.8,6,air
Zurich,Amsterdam,91,9.4,2,air
Zurich,Barcelona,108,5.8,3,air
Zurich,Bordeaux,102,3.5,1,air
Zurich,Bremen,93,3.5,1,air
Zurich,Brussels,82,3.9,2,air
Zurich,Cologne,76,1.9,2,air
Zurich,Dresden,87,3.5,1,air
Zurich,Dusseldorf,79,10.5,3,air
Zurich,Frankfurt,68,8.3,3,air
Zurich,Geneva,62,7.3,3,air
Zurich,Hamburg,97,6.5,3,air
Zurich,Hannover,87,7.0,2,air
Zurich,Leipzig,84,3.5,1,air
Zurich,Lisbon,174,4.1,6,air
Zurich,London,103,19.5,5,air
Zurich,Lyon,70,0.0,1,air
Zurich,Madrid,139,6.5,3,air
Zurich,Malaga,164,3.5,1,air
Zurich,Milan,61,4.8,1,air
Zurich,Munich,63,5.9,2,air
Zurich,Naples,109,0.5,2,air
Zurich,Nice,76,3.5,1,air
Zurich,Nuremberg,67,7.0,2,air
Zurich,Palma,119,7.0,2,air
Zurich,Paris,82,5.0,2,air
Zurich,Porto,160,3.7,2,air
Zurich,Rome,96,4.9,3,air
Zurich,Stuttgart,57,2.2,2,air
Zurich,Turin,65,0.1,1,air
Zurich,Valencia,130,1.2,1,air
Zurich,Venice,72,3.1,1,air
Zurich,Vienna,89,7.6,5,air
