city_a,city_b,n_flights_annual,avg_seats,air_pax_estimated,distance_km
Amsterdam,Athens,823.0,192.7,126874,
Amsterdam,Barcelona,8160.0,183.2,1195930,1238.8
Amsterdam,Bari,457.0,183.0,66905,
Amsterdam,Belgrade,1830.0,124.3,181975,
Amsterdam,Berlin,5776.0,157.1,725928,577.4
Amsterdam,Birmingham,3756.0,150.8,453124,
Amsterdam,Brussels,2790.0,117.1,261367,173.5
Amsterdam,Bucharest,3106.0,169.0,419931,
Amsterdam,Budapest,2682.0,165.7,355526,
Amsterdam,Catania,1.0,189.0,151,
Amsterdam,Cologne,185.0,146.3,21652,214.1
Amsterdam,Copenhagen,8322.0,146.4,974673,
Amsterdam,Edinburgh,3672.0,162.6,477654,
Amsterdam,Frankfurt,6818.0,133.9,730344,364.4
Amsterdam,Geneva,4952.0,139.2,551455,692.3
Amsterdam,Hamburg,3433.0,126.9,348518,365.9
Amsterdam,Helsinki,3520.0,198.4,558694,
Amsterdam,Lisbon,5350.0,173.1,740868,1863.4
Amsterdam,Ljubljana,224.0,176.2,31575,
Amsterdam,London,26409.0,145.5,3074008,356.9
Amsterdam,Lyon,688.0,134.8,74194,736.7
Amsterdam,Madrid,5894.0,195.0,919464,1481.5
Amsterdam,Manchester,5834.0,158.5,739751,
Amsterdam,Marseille,1728.0,95.9,132572,1010.0
Amsterdam,Milan,8250.0,153.2,1011120,829.7
Amsterdam,Munich,6724.0,128.7,692303,668.7
Amsterdam,Naples,16.0,174.3,2231,1465.1
Amsterdam,Nicosia,392.0,183.2,57452,
Amsterdam,Nottingham,410.0,110.8,36342,
Amsterdam,Oslo,4913.0,147.9,581306,
Amsterdam,Palermo,34.0,165.8,4510,1715.8
Amsterdam,Palma,2170.0,172.5,299460,1434.1
Amsterdam,Paris,7344.0,179.2,1052836,430.5
Amsterdam,Porto,2290.0,157.2,287990,1611.9
Amsterdam,Prague,3719.0,150.7,448363,
Amsterdam,Riga,930.0,134.0,99696,
Amsterdam,Rome,5118.0,176.8,723890,1298.7
Amsterdam,Rotterdam,801.0,148.7,95287,57.5
Amsterdam,Seville,848.0,185.2,125640,1869.1
Amsterdam,Stockholm,5250.0,163.6,687120,
Amsterdam,Strasbourg,3427.0,125.5,344071,467.3
Amsterdam,Stuttgart,3006.0,102.4,246252,501.0
Amsterdam,Tallinn,710.0,130.5,74124,
Amsterdam,Tenerife,35.0,188.9,5289,
Amsterdam,Toulouse,1893.0,114.0,172642,1008.0
Amsterdam,Turin,746.0,84.6,50489,837.5
Amsterdam,Venice,2756.0,148.6,327633,942.8
Amsterdam,Vienna,4850.0,172.4,668912,936.5
Amsterdam,Vilnius,714.0,131.7,75227,
Amsterdam,Warsaw,4476.0,130.2,466220,
Amsterdam,Zagreb,16.0,132.2,1692,
Amsterdam,Zurich,6217.0,134.9,670939,615.3
Athens,Barcelona,539.0,200.7,86542,
Athens,Bari,19.0,143.6,2183,
Athens,Belgrade,488.0,153.6,59965,
Athens,Berlin,444.0,200.1,71076,
Athens,Birmingham,62.0,185.1,9181,
Athens,Brussels,916.0,180.9,132564,
Athens,Bucharest,524.0,177.9,74576,
Athens,Budapest,357.0,189.0,53978,
Athens,Catania,0.0,180.0,0,
Athens,Cologne,192.0,166.8,25620,
Athens,Copenhagen,400.0,185.8,59456,
Athens,Edinburgh,120.0,181.2,17395,
Athens,Frankfurt,950.0,207.5,157700,
Athens,Geneva,465.0,167.5,62310,
Athens,Hamburg,162.0,181.7,23548,
Athens,Helsinki,72.0,184.7,10639,
Athens,Lisbon,242.0,186.6,36126,
Athens,Ljubljana,14.0,172.1,1928,
Athens,London,2805.0,194.4,436234,
Athens,Lyon,29.0,178.1,4132,
Athens,Madrid,508.0,195.1,79289,
Athens,Manchester,297.0,185.3,44027,
Athens,Marseille,162.0,175.8,22784,
Athens,Milan,1132.0,184.0,166630,
Athens,Munich,1242.0,198.3,197031,
Athens,Naples,2.0,180.0,288,
Athens,Nicosia,1334.0,186.6,199140,
Athens,Nottingham,5.0,166.5,666,
Athens,Oslo,146.0,183.3,21409,
Athens,Palermo,4.0,168.9,540,
Athens,Palma,21.0,166.4,2796,
Athens,Paris,1982.0,198.1,314107,
Athens,Porto,28.0,182.3,4084,
Athens,Prague,287.0,174.9,40157,
Athens,Riga,35.0,156.5,4382,
Athens,Rome,1302.0,185.8,193529,
Athens,Rotterdam,8.0,159.8,1023,
Athens,Seville,15.0,191.5,2298,
Athens,Stockholm,270.0,180.2,38923,
Athens,Strasbourg,100.0,174.7,13976,
Athens,Stuttgart,188.0,179.1,26937,
Athens,Tallinn,34.0,179.9,4893,
Athens,Toulouse,63.0,170.9,8613,
Athens,Turin,12.0,144.8,1390,
Athens,Valencia,0.0,180.0,0,
Athens,Venice,201.0,172.6,27754,
Athens,Vienna,875.0,185.9,130130,
Athens,Vilnius,48.0,183.6,7050,
Athens,Warsaw,254.0,196.2,39868,
Athens,Zurich,934.0,190.1,142043,
Barcelona,Bari,379.0,181.1,54910,
Barcelona,Belgrade,960.0,185.6,142541,
Barcelona,Berlin,2783.0,182.2,405650,1500.3
Barcelona,Birmingham,1317.0,184.1,193968,
Barcelona,Brussels,5375.0,188.4,810120,1065.4
Barcelona,Bucharest,1302.0,197.2,205404,
Barcelona,Budapest,1715.0,200.7,275360,
Barcelona,Catania,0.0,220.0,0,
Barcelona,Cologne,2206.0,189.1,333724,1123.0
Barcelona,Copenhagen,2602.0,183.1,381141,
Barcelona,Edinburgh,1130.0,182.8,165251,
Barcelona,Frankfurt,4719.0,207.7,784109,1093.5
Barcelona,Geneva,3351.0,163.4,438043,623.4
Barcelona,Hamburg,1439.0,175.6,202151,1472.9
Barcelona,Helsinki,1058.0,206.7,174951,
Barcelona,Lisbon,6547.0,170.2,891440,1006.1
Barcelona,Ljubljana,36.0,168.4,4850,
Barcelona,London,16154.0,174.6,2256391,1138.6
Barcelona,Lyon,452.0,168.7,61002,531.0
Barcelona,Madrid,11320.0,194.7,1763203,504.2
Barcelona,Manchester,2582.0,184.2,380484,
Barcelona,Marseille,808.0,171.1,110599,339.3
Barcelona,Milan,8403.0,186.2,1251711,726.0
Barcelona,Munich,4426.0,192.0,679834,1054.8
Barcelona,Naples,23.0,190.3,3502,1015.3
Barcelona,Nicosia,42.0,162.5,5460,
Barcelona,Nottingham,588.0,186.5,87730,
Barcelona,Oslo,1567.0,183.6,230161,
Barcelona,Palermo,163.0,183.4,23915,1023.7
Barcelona,Palma,14210.0,183.4,2084891,206.5
Barcelona,Paris,12122.0,186.0,1803754,830.2
Barcelona,Porto,3540.0,186.8,529018,899.9
Barcelona,Prague,1994.0,179.0,285541,
Barcelona,Riga,407.0,154.1,50175,
Barcelona,Rome,7588.0,183.3,1112704,861.6
Barcelona,Rotterdam,616.0,166.0,81805,1184.4
Barcelona,Seville,5196.0,187.3,778569,828.2
Barcelona,Stockholm,1976.0,181.7,287231,
Barcelona,Strasbourg,1856.0,160.2,237865,912.2
Barcelona,Stuttgart,1810.0,172.8,250214,988.7
Barcelona,Tallinn,204.0,187.7,30633,
Barcelona,Tenerife,44.0,190.9,6720,
Barcelona,Toulouse,88.0,161.6,11377,253.2
Barcelona,Turin,750.0,181.2,108720,606.5
Barcelona,Valencia,0.0,218.0,0,302.5
Barcelona,Venice,2767.0,190.1,420805,936.0
Barcelona,Vienna,3524.0,190.8,537903,1350.4
Barcelona,Vilnius,458.0,185.5,67967,
Barcelona,Warsaw,1296.0,187.4,194296,
Barcelona,Zagreb,4.0,157.1,503,
Barcelona,Zurich,3892.0,186.1,579441,835.9
Bari,Belgrade,128.0,76.6,7844,
Bari,Berlin,224.0,186.5,33421,
Bari,Birmingham,6.0,140.8,676,
Bari,Brussels,480.0,183.4,70426,
Bari,Bucharest,406.0,204.7,66487,
Bari,Budapest,708.0,195.3,110618,
Bari,Catania,0.0,189.0,0,
Bari,Cologne,98.0,166.3,13038,
Bari,Copenhagen,34.0,164.5,4474,
Bari,Edinburgh,110.0,188.6,16597,
Bari,Frankfurt,306.0,163.3,39976,
Bari,Geneva,18.0,147.1,2118,
Bari,Hamburg,66.0,150.3,7936,
Bari,Helsinki,2.0,150.0,240,
Bari,Lisbon,5.0,118.2,473,
Bari,Ljubljana,2.0,150.0,240,
Bari,London,1248.0,179.2,178913,
Bari,Lyon,36.0,162.7,4686,
Bari,Madrid,306.0,186.2,45582,
Bari,Manchester,2.0,155.8,249,
Bari,Marseille,114.0,183.9,16772,
Bari,Milan,8240.0,164.4,1083725,
Bari,Munich,856.0,118.6,81217,
Bari,Naples,1.0,129.0,103,
Bari,Nicosia,34.0,184.8,5027,
Bari,Nottingham,2.0,150.0,240,
Bari,Oslo,18.0,186.9,2691,
Bari,Palermo,115.0,186.3,17140,
Bari,Palma,26.0,156.7,3259,
Bari,Paris,1014.0,181.6,147314,
Bari,Porto,154.0,188.8,23260,
Bari,Prague,292.0,184.3,43052,
Bari,Riga,0.0,50.0,0,
Bari,Rome,3550.0,177.4,503816,
Bari,Rotterdam,4.0,157.4,504,
Bari,Seville,146.0,188.9,22064,
Bari,Stockholm,2.0,150.0,240,
Bari,Strasbourg,198.0,177.6,28132,
Bari,Stuttgart,213.0,158.5,27008,
Bari,Tallinn,1.0,149.5,120,
Bari,Toulouse,1.0,150.0,120,
Bari,Turin,798.0,187.3,119572,
Bari,Venice,1290.0,187.7,193706,
Bari,Vienna,462.0,179.1,66195,
Bari,Vilnius,2.0,150.0,240,
Bari,Warsaw,211.0,218.8,36933,
Bari,Zagreb,0.0,150.0,0,
Bari,Zurich,170.0,130.9,17802,
Belgrade,Berlin,704.0,157.0,88422,
Belgrade,Birmingham,14.0,128.8,1443,
Belgrade,Brussels,217.0,143.9,24981,
Belgrade,Bucharest,866.0,87.9,60897,
Belgrade,Budapest,681.0,93.6,50993,
Belgrade,Cologne,578.0,193.9,89659,
Belgrade,Copenhagen,536.0,156.2,66979,
Belgrade,Edinburgh,3.0,138.0,331,
Belgrade,Frankfurt,1985.0,168.8,268054,
Belgrade,Geneva,434.0,166.5,57809,
Belgrade,Hamburg,352.0,194.8,54856,
Belgrade,Helsinki,4.0,150.0,480,
Belgrade,Lisbon,106.0,180.7,15323,
Belgrade,Ljubljana,1272.0,89.2,90770,
Belgrade,London,1210.0,169.5,164076,
Belgrade,Lyon,50.0,135.6,5424,
Belgrade,Madrid,220.0,155.0,27280,
Belgrade,Manchester,12.0,154.2,1480,
Belgrade,Marseille,38.0,114.5,3481,
Belgrade,Milan,1134.0,154.7,140344,
Belgrade,Minsk,28.0,150.0,3360,
Belgrade,Munich,1274.0,131.7,134229,
Belgrade,Naples,2.0,114.4,183,
Belgrade,Nicosia,1046.0,163.7,136984,
Belgrade,Nottingham,10.0,174.1,1393,
Belgrade,Oslo,598.0,164.6,78745,
Belgrade,Palermo,14.0,147.9,1656,
Belgrade,Palma,100.0,165.3,13224,
Belgrade,Paris,1409.0,162.7,183395,
Belgrade,Porto,14.0,144.2,1615,
Belgrade,Prague,608.0,84.2,40955,
Belgrade,Riga,37.0,140.0,4144,
Belgrade,Rome,1072.0,165.3,141761,
Belgrade,Rotterdam,18.0,150.2,2163,
Belgrade,Seville,4.0,150.0,480,
Belgrade,Stockholm,546.0,151.5,66175,
Belgrade,Strasbourg,422.0,206.6,69748,
Belgrade,Stuttgart,442.0,147.7,52227,
Belgrade,Tallinn,17.0,152.0,2067,
Belgrade,Toulouse,2.0,163.0,261,
Belgrade,Turin,13.0,146.2,1520,
Belgrade,Valencia,2.0,140.0,224,
Belgrade,Venice,312.0,87.4,21815,
Belgrade,Vienna,3059.0,107.7,263563,
Belgrade,Vilnius,23.0,152.2,2800,
Belgrade,Warsaw,978.0,92.6,72450,
Belgrade,Zagreb,15.0,75.0,900,
Belgrade,Zurich,3422.0,141.6,387644,
Berlin,Birmingham,34.0,161.4,4390,
Berlin,Brussels,2942.0,161.2,379400,651.3
Berlin,Bucharest,446.0,186.9,66686,
Berlin,Budapest,1366.0,193.3,211238,
Berlin,Catania,0.0,180.0,0,
Berlin,Cologne,4452.0,166.5,593006,478.6
Berlin,Copenhagen,2961.0,163.0,386114,
Berlin,Edinburgh,980.0,179.2,140493,
Berlin,Frankfurt,8130.0,192.9,1254622,423.7
Berlin,Geneva,1001.0,168.7,135095,877.1
Berlin,Hamburg,353.0,155.3,43857,255.4
Berlin,Helsinki,2408.0,180.2,347137,
Berlin,Lisbon,1703.0,162.2,220981,2313.1
Berlin,Ljubljana,44.0,159.3,5607,
Berlin,London,9720.0,159.9,1243382,931.8
Berlin,Lyon,35.0,168.6,4721,976.2
Berlin,Madrid,2373.0,193.1,366581,1869.7
Berlin,Manchester,1210.0,180.6,174821,
Berlin,Marseille,382.0,181.9,55589,1186.2
Berlin,Milan,3624.0,172.5,500112,842.9
Berlin,Munich,6854.0,176.8,969430,504.9
Berlin,Naples,10.0,172.0,1376,1299.5
Berlin,Nicosia,378.0,178.4,53948,
Berlin,Nottingham,208.0,183.2,30484,
Berlin,Oslo,1544.0,186.4,230241,
Berlin,Palermo,67.0,186.4,9991,1602.1
Berlin,Palma,4564.0,176.7,645167,1658.7
Berlin,Paris,6256.0,166.1,831297,878.4
Berlin,Porto,596.0,182.8,87159,2084.9
Berlin,Prague,248.0,152.5,30256,
Berlin,Riga,957.0,156.3,119663,
Berlin,Rome,1840.0,179.5,264224,1184.2
Berlin,Rotterdam,58.0,152.1,7057,611.6
Berlin,Seville,8.0,156.1,999,2257.4
Berlin,Stockholm,2376.0,160.4,304888,
Berlin,Strasbourg,1232.0,175.0,172480,593.1
Berlin,Stuttgart,3628.0,162.8,472511,511.9
Berlin,Tallinn,476.0,166.2,63289,
Berlin,Tenerife,9.0,182.2,1312,
Berlin,Toulouse,18.0,168.6,2428,1328.7
Berlin,Turin,10.0,149.4,1195,928.1
Berlin,Valencia,0.0,180.0,0,1793.6
Berlin,Venice,1231.0,171.9,169287,792.0
Berlin,Vienna,4209.0,177.3,597005,523.8
Berlin,Vilnius,599.0,169.9,81416,
Berlin,Warsaw,1358.0,94.3,102448,
Berlin,Zurich,5326.0,167.0,711554,670.4
Birmingham,Brussels,697.0,134.9,75220,
Birmingham,Bucharest,806.0,199.4,128573,
Birmingham,Budapest,368.0,199.8,58821,
Birmingham,Cologne,84.0,154.5,10382,
Birmingham,Copenhagen,388.0,92.7,28774,
Birmingham,Edinburgh,1592.0,156.4,199191,
Birmingham,Frankfurt,2079.0,157.5,261954,
Birmingham,Geneva,770.0,171.1,105398,
Birmingham,Hamburg,20.0,149.1,2386,
Birmingham,Helsinki,4.0,149.9,480,
Birmingham,Lisbon,249.0,194.6,38764,
Birmingham,Ljubljana,2.0,150.0,240,
Birmingham,London,500.0,175.6,70240,
Birmingham,Lyon,10.0,165.8,1326,
Birmingham,Madrid,262.0,186.8,39153,
Birmingham,Manchester,394.0,189.9,59856,
Birmingham,Marseille,23.0,149.5,2751,
Birmingham,Milan,368.0,171.0,50342,
Birmingham,Munich,1379.0,146.5,161619,
Birmingham,Naples,6.0,187.6,900,
Birmingham,Nicosia,721.0,196.2,113168,
Birmingham,Nottingham,592.0,150.3,71182,
Birmingham,Oslo,12.0,166.3,1596,
Birmingham,Palermo,0.0,150.0,0,
Birmingham,Palma,2026.0,190.1,308114,
Birmingham,Paris,2041.0,140.7,229735,
Birmingham,Porto,212.0,182.4,30935,
Birmingham,Prague,369.0,169.1,49918,
Birmingham,Riga,6.0,179.4,861,
Birmingham,Rome,350.0,187.7,52556,
Birmingham,Rotterdam,35.0,146.7,4108,
Birmingham,Seville,24.0,168.6,3237,
Birmingham,Stockholm,174.0,173.0,24082,
Birmingham,Strasbourg,12.0,126.3,1212,
Birmingham,Stuttgart,72.0,126.0,7258,
Birmingham,Tallinn,5.0,165.0,660,
Birmingham,Tenerife,8.0,188.2,1204,
Birmingham,Toulouse,128.0,180.6,18493,
Birmingham,Turin,78.0,185.2,11556,
Birmingham,Venice,248.0,186.5,37002,
Birmingham,Vienna,36.0,178.9,5152,
Birmingham,Vilnius,123.0,188.8,18578,
Birmingham,Warsaw,203.0,215.9,35062,
Birmingham,Zurich,583.0,112.9,52657,
Brussels,Bucharest,2177.0,189.0,329162,
Brussels,Budapest,2450.0,179.2,351232,
Brussels,Cologne,490.0,156.3,61270,182.7
Brussels,Copenhagen,3749.0,141.9,425586,
Brussels,Edinburgh,1226.0,166.2,163009,
Brussels,Frankfurt,4572.0,156.4,572049,317.4
Brussels,Geneva,4109.0,156.2,513461,533.5
Brussels,Hamburg,1237.0,146.0,144482,487.7
Brussels,Helsinki,2120.0,153.2,259827,
Brussels,Lisbon,4364.0,170.6,595599,1712.7
Brussels,Ljubljana,496.0,147.7,58607,
Brussels,London,5600.0,182.7,818496,320.3
Brussels,Lyon,525.0,149.7,62874,568.4
Brussels,Madrid,6878.0,182.0,1001437,1316.5
Brussels,Manchester,2676.0,184.1,394121,
Brussels,Marseille,2512.0,167.7,337010,843.5
Brussels,Milan,6903.0,155.1,856524,698.0
Brussels,Munich,4216.0,145.3,490068,602.5
Brussels,Naples,15.0,162.3,1948,1348.8
Brussels,Nicosia,170.0,179.5,24412,
Brussels,Nottingham,1179.0,188.6,177888,
Brussels,Oslo,1992.0,162.8,259438,
Brussels,Palermo,156.0,179.6,22414,1583.5
Brussels,Palma,1323.0,178.8,189242,1261.3
Brussels,Paris,1812.0,183.7,266292,264.3
Brussels,Porto,2310.0,181.8,335966,1467.5
Brussels,Prague,2090.0,163.0,272536,
Brussels,Riga,704.0,143.4,80763,
Brussels,Rome,4726.0,176.5,667311,1175.0
Brussels,Rotterdam,146.0,165.3,19307,119.5
Brussels,Seville,694.0,186.2,103378,1705.5
Brussels,Stockholm,2773.0,146.6,325217,
Brussels,Strasbourg,526.0,168.4,70863,350.9
Brussels,Stuttgart,174.0,166.0,23107,415.7
Brussels,Tallinn,414.0,132.0,43718,
Brussels,Tenerife,15.0,182.9,2195,
Brussels,Toulouse,2128.0,160.4,273065,834.9
Brussels,Turin,336.0,186.0,49997,688.9
Brussels,Valencia,0.0,180.0,0,1317.5
Brussels,Venice,2474.0,170.1,336662,843.6
Brussels,Vienna,4554.0,177.8,647761,914.9
Brussels,Vilnius,289.0,149.8,34634,
Brussels,Warsaw,2742.0,137.0,300523,
Brussels,Zagreb,23.0,121.3,2232,
Brussels,Zurich,2430.0,150.3,292183,493.4
Bucharest,Budapest,883.0,86.0,60750,
Bucharest,Cologne,833.0,194.6,129681,
Bucharest,Copenhagen,488.0,201.2,78548,
Bucharest,Edinburgh,415.0,194.0,64408,
Bucharest,Frankfurt,2482.0,171.6,340729,
Bucharest,Geneva,302.0,192.5,46508,
Bucharest,Hamburg,290.0,201.7,46794,
Bucharest,Helsinki,67.0,168.4,9026,
Bucharest,Lisbon,280.0,207.7,46525,
Bucharest,Ljubljana,21.0,167.0,2806,
Bucharest,London,7212.0,193.9,1118725,
Bucharest,Lyon,89.0,202.5,14418,
Bucharest,Madrid,1843.0,194.3,286476,
Bucharest,Manchester,252.0,186.6,37619,
Bucharest,Marseille,299.0,186.3,44563,
Bucharest,Milan,2882.0,190.8,439908,
Bucharest,Munich,2038.0,169.3,276027,
Bucharest,Naples,7.0,201.1,1126,
Bucharest,Nicosia,562.0,185.8,83536,
Bucharest,Nottingham,3.0,196.7,472,
Bucharest,Oslo,84.0,171.9,11552,
Bucharest,Palermo,80.0,188.2,12045,
Bucharest,Palma,276.0,190.2,41996,
Bucharest,Paris,3392.0,176.1,477865,
Bucharest,Porto,30.0,182.6,4382,
Bucharest,Prague,676.0,165.5,89502,
Bucharest,Riga,36.0,136.4,3928,
Bucharest,Rome,2214.0,187.4,331923,
Bucharest,Rotterdam,8.0,157.8,1010,
Bucharest,Seville,182.0,209.4,30489,
Bucharest,Stockholm,54.0,158.9,6864,
Bucharest,Strasbourg,427.0,207.4,70848,
Bucharest,Stuttgart,290.0,166.3,38582,
Bucharest,Tallinn,8.0,128.1,820,
Bucharest,Toulouse,2.0,167.2,268,
Bucharest,Turin,190.0,204.2,31038,
Bucharest,Venice,1194.0,205.1,195912,
Bucharest,Vienna,3108.0,169.4,421196,
Bucharest,Vilnius,17.0,235.6,3204,
Bucharest,Warsaw,1980.0,113.7,180101,
Bucharest,Zagreb,0.0,180.0,0,
Bucharest,Zurich,1179.0,127.4,120164,
Budapest,Cologne,1112.0,180.0,160128,
Budapest,Copenhagen,1178.0,186.5,175758,
Budapest,Edinburgh,658.0,189.2,99595,
Budapest,Frankfurt,2830.0,193.8,438763,
Budapest,Geneva,646.0,170.7,88218,
Budapest,Hamburg,413.0,161.4,53327,
Budapest,Helsinki,1026.0,135.9,111547,
Budapest,Lisbon,648.0,198.7,103006,
Budapest,Ljubljana,40.0,157.1,5027,
Budapest,London,7822.0,189.2,1183938,
Budapest,Lyon,15.0,183.2,2198,
Budapest,Madrid,1446.0,191.5,221527,
Budapest,Manchester,818.0,185.6,121457,
Budapest,Marseille,257.0,183.2,37666,
Budapest,Milan,2827.0,188.5,426312,
Budapest,Minsk,2.0,128.0,205,
Budapest,Munich,2274.0,158.9,289071,
Budapest,Naples,9.0,206.6,1488,
Budapest,Nicosia,703.0,202.9,114111,
Budapest,Nottingham,210.0,188.5,31668,
Budapest,Oslo,778.0,191.4,119127,
Budapest,Palermo,82.0,184.5,12103,
Budapest,Palma,438.0,190.8,66856,
Budapest,Paris,3222.0,184.8,476340,
Budapest,Porto,334.0,195.5,52238,
Budapest,Prague,1430.0,197.8,226283,
Budapest,Riga,176.0,160.7,22627,
Budapest,Rome,1669.0,195.2,260631,
Budapest,Rotterdam,20.0,150.2,2403,
Budapest,Seville,120.0,195.1,18730,
Budapest,Stockholm,584.0,185.4,86619,
Budapest,Strasbourg,1184.0,190.8,180726,
Budapest,Stuttgart,916.0,159.4,116808,
Budapest,Tallinn,12.0,172.2,1653,
Budapest,Tenerife,0.0,178.0,0,
Budapest,Toulouse,26.0,183.2,3811,
Budapest,Turin,46.0,178.0,6550,
Budapest,Venice,353.0,181.1,51143,
Budapest,Vienna,1946.0,126.0,196157,
Budapest,Vilnius,30.0,171.2,4109,
Budapest,Warsaw,2884.0,104.9,242025,
Budapest,Zurich,1986.0,126.9,201619,
Catania,Cologne,0.0,180.0,0,
Catania,Copenhagen,0.0,180.0,0,
Catania,Frankfurt,2.0,202.5,324,
Catania,London,2.0,170.0,272,
Catania,Milan,13.0,176.5,1836,
Catania,Munich,2.0,180.0,288,
Catania,Paris,2.0,184.5,295,
Catania,Prague,2.0,220.0,352,
Catania,Rome,12.0,174.4,1674,
Catania,Strasbourg,2.0,180.0,288,
Catania,Stuttgart,1.0,160.0,128,
Catania,Turin,2.0,209.7,336,
Catania,Venice,2.0,199.3,319,
Catania,Vienna,1.0,180.0,144,
Catania,Zurich,0.0,180.0,0,
Cologne,Copenhagen,630.0,186.6,94046,
Cologne,Edinburgh,334.0,168.8,45103,
Cologne,Frankfurt,695.0,172.3,95799,152.6
Cologne,Geneva,404.0,88.5,28603,529.4
Cologne,Hamburg,1590.0,160.1,203647,357.2
Cologne,Helsinki,48.0,190.5,7315,
Cologne,Lisbon,682.0,184.7,100772,1850.7
Cologne,Ljubljana,280.0,82.1,18390,
Cologne,London,4567.0,173.7,634630,496.7
Cologne,Lyon,120.0,213.5,20496,597.0
Cologne,Madrid,850.0,193.1,131308,1429.5
Cologne,Manchester,547.0,183.2,80168,
Cologne,Marseille,474.0,172.3,65336,857.3
Cologne,Milan,3886.0,182.5,567356,630.3
Cologne,Munich,5978.0,145.3,694883,456.0
Cologne,Naples,2.0,162.2,260,1254.5
Cologne,Nicosia,495.0,189.3,74963,
Cologne,Nottingham,2497.0,187.7,374950,
Cologne,Oslo,144.0,186.9,21531,
Cologne,Palermo,106.0,178.8,15162,1511.7
Cologne,Palma,6736.0,178.0,959206,1307.1
Cologne,Paris,2001.0,257.7,412526,402.5
Cologne,Porto,1232.0,182.2,179576,1614.6
Cologne,Prague,710.0,187.1,106273,
Cologne,Riga,183.0,183.4,26850,
Cologne,Rome,1195.0,184.5,176382,1091.2
Cologne,Rotterdam,70.0,149.0,8344,203.6
Cologne,Seville,248.0,186.0,36902,1819.9
Cologne,Stockholm,825.0,189.3,124938,
Cologne,Strasbourg,676.0,113.3,61273,267.4
Cologne,Stuttgart,629.0,178.9,90022,287.5
Cologne,Tallinn,17.0,150.9,2052,
Cologne,Tenerife,12.0,180.2,1730,
Cologne,Toulouse,17.0,161.0,2190,914.1
Cologne,Turin,14.0,153.3,1717,654.2
Cologne,Venice,999.0,191.6,153127,729.5
Cologne,Vienna,3730.0,167.9,501014,743.2
Cologne,Vilnius,244.0,180.1,35156,
Cologne,Warsaw,528.0,206.4,87183,
Cologne,Zagreb,12.0,119.5,1147,
Cologne,Zurich,1267.0,160.2,162379,413.3
Copenhagen,Edinburgh,1264.0,179.1,181106,
Copenhagen,Frankfurt,3712.0,175.0,519680,
Copenhagen,Geneva,1705.0,146.2,199417,
Copenhagen,Hamburg,2034.0,78.9,128386,
Copenhagen,Helsinki,4721.0,164.7,622039,
Copenhagen,Lisbon,1168.0,188.8,176415,
Copenhagen,Ljubljana,19.0,129.1,1962,
Copenhagen,London,11308.0,178.4,1613878,
Copenhagen,Lyon,86.0,166.6,11462,
Copenhagen,Madrid,1257.0,193.2,194282,
Copenhagen,Manchester,2472.0,163.9,324129,
Copenhagen,Marseille,70.0,177.2,9923,
Copenhagen,Milan,3460.0,169.1,468069,
Copenhagen,Munich,3518.0,162.6,457621,
Copenhagen,Naples,6.0,170.6,819,
Copenhagen,Nicosia,610.0,198.5,96868,
Copenhagen,Nottingham,470.0,198.6,74674,
Copenhagen,Oslo,10365.0,181.0,1500852,
Copenhagen,Palermo,26.0,182.9,3804,
Copenhagen,Palma,2058.0,183.5,302114,
Copenhagen,Paris,6093.0,163.7,797939,
Copenhagen,Porto,260.0,184.7,38418,
Copenhagen,Prague,1490.0,172.0,205024,
Copenhagen,Riga,1480.0,151.0,178784,
Copenhagen,Rome,2036.0,189.2,308169,
Copenhagen,Rotterdam,56.0,162.8,7293,
Copenhagen,Seville,6.0,181.3,870,
Copenhagen,Stockholm,9187.0,184.8,1358206,
Copenhagen,Strasbourg,526.0,178.0,74902,
Copenhagen,Stuttgart,466.0,96.2,35863,
Copenhagen,Tallinn,614.0,126.2,61989,
Copenhagen,Tenerife,19.0,191.7,2914,
Copenhagen,Toulouse,10.0,162.5,1300,
Copenhagen,Turin,194.0,187.2,29053,
Copenhagen,Venice,626.0,169.5,84886,
Copenhagen,Vienna,2819.0,186.4,420369,
Copenhagen,Vilnius,1015.0,90.8,73730,
Copenhagen,Warsaw,2966.0,122.4,290431,
Copenhagen,Zagreb,4.0,135.1,432,
Copenhagen,Zurich,3190.0,145.5,371316,
Edinburgh,Frankfurt,1412.0,192.4,217335,
Edinburgh,Geneva,1220.0,168.6,164554,
Edinburgh,Hamburg,362.0,177.6,51433,
Edinburgh,Helsinki,397.0,128.5,40812,
Edinburgh,Lisbon,456.0,175.7,64095,
Edinburgh,Ljubljana,0.0,150.0,0,
Edinburgh,London,19704.0,152.2,2399159,
Edinburgh,Lyon,68.0,165.7,9014,
Edinburgh,Madrid,922.0,177.8,131145,
Edinburgh,Manchester,86.0,168.8,11613,
Edinburgh,Marseille,262.0,181.8,38105,
Edinburgh,Milan,983.0,178.0,139979,
Edinburgh,Munich,436.0,158.2,55180,
Edinburgh,Naples,7.0,181.0,1014,
Edinburgh,Nicosia,192.0,185.1,28431,
Edinburgh,Nottingham,2282.0,166.2,303415,
Edinburgh,Oslo,726.0,184.8,107332,
Edinburgh,Palermo,56.0,184.9,8284,
Edinburgh,Palma,1168.0,172.2,160904,
Edinburgh,Paris,3202.0,160.0,409856,
Edinburgh,Porto,271.0,183.4,39761,
Edinburgh,Prague,478.0,179.6,68679,
Edinburgh,Riga,242.0,175.5,33977,
Edinburgh,Rome,479.0,183.1,70164,
Edinburgh,Rotterdam,268.0,162.4,34819,
Edinburgh,Seville,214.0,185.6,31775,
Edinburgh,Stockholm,568.0,152.5,69296,
Edinburgh,Strasbourg,494.0,178.8,70662,
Edinburgh,Stuttgart,17.0,147.9,2011,
Edinburgh,Tallinn,80.0,186.0,11904,
Edinburgh,Tenerife,3.0,181.7,436,
Edinburgh,Toulouse,235.0,184.5,34686,
Edinburgh,Turin,129.0,186.2,19216,
Edinburgh,Venice,390.0,177.6,55411,
Edinburgh,Vienna,277.0,181.2,40154,
Edinburgh,Vilnius,4.0,154.5,494,
Edinburgh,Warsaw,116.0,213.4,19804,
Edinburgh,Zurich,454.0,177.8,64577,
Frankfurt,Geneva,3804.0,114.2,347533,474.1
Frankfurt,Hamburg,7354.0,187.9,1105453,392.4
Frankfurt,Helsinki,3078.0,178.8,440277,
Frankfurt,Lisbon,3628.0,196.8,571192,1891.2
Frankfurt,Ljubljana,1182.0,100.4,94938,
Frankfurt,London,14168.0,160.9,1823705,637.6
Frankfurt,Lyon,717.0,174.7,100208,563.2
Frankfurt,Madrid,5984.0,170.3,815260,1446.3
Frankfurt,Manchester,2416.0,190.4,368005,
Frankfurt,Marseille,1547.0,176.8,218808,798.7
Frankfurt,Milan,7936.0,151.7,963113,518.6
Frankfurt,Minsk,0.0,150.0,0,
Frankfurt,Munich,7742.0,189.8,1175545,304.3
Frankfurt,Naples,16.0,209.7,2684,1117.5
Frankfurt,Nicosia,744.0,211.4,125825,
Frankfurt,Nottingham,70.0,305.4,17102,
Frankfurt,Oslo,2902.0,187.7,435764,
Frankfurt,Palermo,76.0,184.0,11187,1384.8
Frankfurt,Palma,4878.0,209.1,815992,1264.5
Frankfurt,Paris,6480.0,164.6,853286,478.5
Frankfurt,Porto,1956.0,206.9,323757,1667.4
Frankfurt,Prague,2620.0,181.4,380214,
Frankfurt,Riga,1155.0,159.1,147008,
Frankfurt,Rome,3480.0,193.1,537590,960.7
Frankfurt,Rotterdam,42.0,151.0,5074,356.1
Frankfurt,Seville,520.0,200.2,83283,1834.6
Frankfurt,Stockholm,3324.0,188.4,500993,
Frankfurt,Strasbourg,2175.0,93.9,163386,183.4
Frankfurt,Stuttgart,2506.0,146.6,293904,152.5
Frankfurt,Tallinn,1583.0,189.5,239983,
Frankfurt,Tenerife,20.0,197.4,3158,
Frankfurt,Toulouse,1784.0,167.4,238913,908.6
Frankfurt,Turin,1058.0,117.4,99367,565.9
Frankfurt,Valencia,1.0,200.0,160,1380.3
Frankfurt,Venice,2676.0,180.1,385558,587.2
Frankfurt,Vienna,6940.0,178.6,991587,597.5
Frankfurt,Vilnius,1180.0,189.9,179266,
Frankfurt,Warsaw,3942.0,142.0,447811,
Frankfurt,Zagreb,44.0,135.2,4759,
Frankfurt,Zurich,5460.0,143.6,627245,305.8
Geneva,Hamburg,261.0,135.4,28272,862.0
Geneva,Helsinki,845.0,112.9,76320,
Geneva,Lisbon,3954.0,171.2,541540,1501.1
Geneva,Ljubljana,58.0,150.2,6969,
Geneva,London,16384.0,158.0,2070938,746.9
Geneva,Lyon,26.0,168.8,3511,112.2
Geneva,Madrid,3682.0,166.0,488970,1022.8
Geneva,Manchester,2020.0,192.0,310272,
Geneva,Marseille,270.0,201.7,43567,328.6
Geneva,Milan,1226.0,147.7,144864,249.7
Geneva,Minsk,1.0,150.0,120,
Geneva,Munich,2592.0,110.6,229340,463.3
Geneva,Naples,14.0,173.0,1938,883.9
Geneva,Nicosia,164.0,140.3,18407,
Geneva,Nottingham,86.0,164.3,11304,
Geneva,Oslo,277.0,178.0,39445,
Geneva,Palermo,41.0,171.0,5609,1077.1
Geneva,Palma,1300.0,153.9,160056,790.4
Geneva,Paris,5330.0,153.3,653671,410.0
Geneva,Porto,4330.0,169.7,587841,1310.4
Geneva,Prague,809.0,161.4,104458,
Geneva,Riga,50.0,136.6,5464,
Geneva,Rome,2128.0,162.3,276300,698.5
Geneva,Rotterdam,160.0,153.6,19661,647.5
Geneva,Seville,342.0,174.2,47661,1400.9
Geneva,Stockholm,861.0,164.9,113583,
Geneva,Strasbourg,626.0,166.0,83133,290.9
Geneva,Stuttgart,93.0,149.6,11130,366.2
Geneva,Tallinn,30.0,142.6,3422,
Geneva,Tenerife,2.0,180.0,288,
Geneva,Toulouse,572.0,172.0,78707,469.5
Geneva,Turin,57.0,150.0,6840,173.8
Geneva,Valencia,0.0,130.0,0,917.3
Geneva,Venice,492.0,154.2,60693,486.8
Geneva,Vienna,1594.0,133.3,169984,803.4
Geneva,Vilnius,19.0,145.5,2212,
Geneva,Warsaw,1343.0,104.4,112167,
Geneva,Zurich,4560.0,158.8,579302,224.2
Hamburg,Helsinki,1316.0,104.7,110228,
Hamburg,Lisbon,1206.0,129.7,125135,2197.9
Hamburg,Ljubljana,8.0,161.8,1036,
Hamburg,London,5533.0,166.7,737881,720.4
Hamburg,Lyon,6.0,177.7,853,942.7
Hamburg,Madrid,1170.0,184.1,172318,1785.6
Hamburg,Manchester,331.0,171.5,45413,
Hamburg,Marseille,10.0,149.9,1199,1189.2
Hamburg,Milan,1656.0,170.1,225348,901.0
Hamburg,Munich,8690.0,177.8,1236066,612.1
Hamburg,Naples,2.0,180.0,288,1447.8
Hamburg,Nicosia,117.0,172.4,16137,
Hamburg,Nottingham,7.0,143.4,803,
Hamburg,Oslo,760.0,175.0,106400,
Hamburg,Palermo,2.0,174.0,278,1735.4
Hamburg,Palma,4808.0,183.8,706968,1650.8
Hamburg,Paris,3148.0,147.3,370960,745.2
Hamburg,Porto,340.0,181.2,49286,1955.0
Hamburg,Prague,116.0,153.9,14282,
Hamburg,Riga,340.0,132.2,35958,
Hamburg,Rome,589.0,166.0,78219,1309.8
Hamburg,Rotterdam,72.0,149.6,8617,412.9
Hamburg,Seville,12.0,163.2,1567,2176.0
Hamburg,Stockholm,950.0,132.4,100624,
Hamburg,Strasbourg,948.0,177.8,134844,574.1
Hamburg,Stuttgart,2867.0,158.1,362618,533.3
Hamburg,Tallinn,8.0,146.4,937,
Hamburg,Tenerife,10.0,190.9,1527,
Hamburg,Toulouse,11.0,148.5,1307,1270.3
Hamburg,Turin,5.0,149.0,596,957.5
Hamburg,Venice,293.0,157.2,36848,917.7
Hamburg,Vienna,3766.0,171.4,516394,743.1
Hamburg,Vilnius,128.0,159.3,16312,
Hamburg,Warsaw,1400.0,85.3,95536,
Hamburg,Zurich,4248.0,160.5,545443,695.1
Helsinki,Lisbon,538.0,191.3,82336,
Helsinki,Ljubljana,108.0,125.7,10860,
Helsinki,London,3958.0,224.4,710540,
Helsinki,Lyon,0.0,189.0,0,
Helsinki,Madrid,654.0,214.3,112122,
Helsinki,Manchester,780.0,120.6,75254,
Helsinki,Marseille,6.0,175.3,841,
Helsinki,Milan,1860.0,187.9,279595,
Helsinki,Minsk,0.0,150.0,0,
Helsinki,Munich,3156.0,182.7,461281,
Helsinki,Naples,5.0,171.8,687,
Helsinki,Nicosia,338.0,197.6,53431,
Helsinki,Nottingham,3.0,171.7,412,
Helsinki,Oslo,3050.0,134.1,327204,
Helsinki,Palma,306.0,197.4,48324,
Helsinki,Paris,4058.0,154.4,501244,
Helsinki,Porto,36.0,137.0,3946,
Helsinki,Prague,1384.0,147.8,163644,
Helsinki,Riga,2762.0,108.5,239742,
Helsinki,Rome,1222.0,186.7,182518,
Helsinki,Rotterdam,24.0,150.0,2880,
Helsinki,Seville,2.0,176.0,282,
Helsinki,Stockholm,9548.0,146.9,1122081,
Helsinki,Strasbourg,8.0,154.6,989,
Helsinki,Stuttgart,20.0,146.8,2349,
Helsinki,Tallinn,5503.0,87.0,383009,
Helsinki,Tenerife,10.0,207.9,1663,
Helsinki,Toulouse,0.0,149.0,0,
Helsinki,Turin,20.0,178.0,2848,
Helsinki,Venice,522.0,139.2,58130,
Helsinki,Vienna,1479.0,154.4,182686,
Helsinki,Vilnius,2088.0,77.1,128788,
Helsinki,Warsaw,2007.0,100.0,160560,
Helsinki,Zagreb,3.0,159.0,382,
Helsinki,Zurich,1418.0,177.0,200789,
Lisbon,Ljubljana,6.0,161.5,775,
Lisbon,London,12758.0,181.3,1850420,1585.2
Lisbon,Lyon,676.0,133.4,72143,1388.9
Lisbon,Madrid,10896.0,173.1,1508878,503.2
Lisbon,Manchester,1838.0,151.8,223207,
Lisbon,Marseille,1798.0,139.5,200657,1318.7
Lisbon,Milan,4670.0,181.1,676590,1683.3
Lisbon,Munich,2969.0,195.4,464114,1964.3
Lisbon,Naples,6.0,144.6,694,2008.8
Lisbon,Nicosia,2.0,181.8,291,
Lisbon,Nottingham,6.0,161.8,777,
Lisbon,Oslo,608.0,197.8,96210,
Lisbon,Palermo,4.0,189.0,605,1957.5
Lisbon,Palma,495.0,171.7,67993,1021.2
Lisbon,Paris,11528.0,188.9,1742111,1452.8
Lisbon,Porto,6764.0,156.3,845771,273.4
Lisbon,Prague,717.0,181.9,104338,
Lisbon,Riga,121.0,147.7,14297,
Lisbon,Rome,3420.0,187.8,513821,1864.9
Lisbon,Rotterdam,320.0,174.9,44774,1807.1
Lisbon,Seville,1898.0,105.7,160495,315.6
Lisbon,Stockholm,702.0,187.3,105188,
Lisbon,Strasbourg,576.0,180.4,83128,1739.5
Lisbon,Stuttgart,349.0,169.2,47241,1840.5
Lisbon,Tallinn,2.0,175.6,281,
Lisbon,Tenerife,8.0,174.8,1119,
Lisbon,Toulouse,1856.0,138.7,205942,1038.4
Lisbon,Turin,19.0,157.8,2399,1557.8
Lisbon,Valencia,0.0,118.0,0,761.1
Lisbon,Venice,1190.0,171.1,162887,1916.0
Lisbon,Vienna,1224.0,190.4,186440,2298.9
Lisbon,Vilnius,3.0,160.0,384,
Lisbon,Warsaw,736.0,194.3,114404,
Lisbon,Zagreb,0.0,118.0,0,
Lisbon,Zurich,3050.0,188.0,458720,1723.4
Ljubljana,London,868.0,168.7,117145,
Ljubljana,Lyon,1.0,127.0,102,
Ljubljana,Madrid,16.0,169.4,2168,
Ljubljana,Manchester,3.0,148.3,356,
Ljubljana,Marseille,4.0,154.9,496,
Ljubljana,Milan,112.0,178.1,15958,
Ljubljana,Munich,528.0,104.4,44099,
Ljubljana,Nicosia,12.0,154.0,1478,
Ljubljana,Nottingham,0.0,150.0,0,
Ljubljana,Oslo,16.0,177.6,2273,
Ljubljana,Palermo,1.0,150.0,120,
Ljubljana,Palma,6.0,160.9,772,
Ljubljana,Paris,940.0,108.6,81667,
Ljubljana,Porto,6.0,175.4,842,
Ljubljana,Prague,50.0,149.7,5988,
Ljubljana,Riga,8.0,172.6,1105,
Ljubljana,Rome,19.0,156.4,2377,
Ljubljana,Rotterdam,8.0,166.6,1066,
Ljubljana,Seville,4.0,176.7,565,
Ljubljana,Stockholm,22.0,115.6,2035,
Ljubljana,Strasbourg,26.0,144.6,3008,
Ljubljana,Stuttgart,20.0,154.9,2478,
Ljubljana,Tallinn,4.0,125.0,400,
Ljubljana,Toulouse,6.0,170.2,817,
Ljubljana,Turin,2.0,150.0,240,
Ljubljana,Venice,242.0,178.2,34500,
Ljubljana,Vienna,64.0,160.8,8233,
Ljubljana,Vilnius,6.0,152.9,734,
Ljubljana,Warsaw,684.0,94.3,51601,
Ljubljana,Zagreb,3.0,155.0,372,
Ljubljana,Zurich,766.0,126.6,77580,
London,Lyon,1467.0,168.7,197986,737.0
London,Madrid,14230.0,192.6,2192558,1263.6
London,Manchester,4678.0,179.9,673258,
London,Marseille,3585.0,171.8,492722,1002.0
London,Milan,19820.0,170.7,2706619,959.3
London,Minsk,0.0,150.0,0,
London,Munich,8896.0,175.2,1246863,918.0
London,Naples,56.0,181.8,8145,1616.7
London,Nicosia,6353.0,196.9,1000725,
London,Nottingham,921.0,164.9,121498,
London,Oslo,7696.0,187.0,1151322,
London,Palermo,422.0,177.2,59823,1823.9
London,Palma,10218.0,172.2,1407632,1344.8
London,Paris,12995.0,177.4,1844250,343.8
London,Porto,5742.0,177.5,815364,1321.4
London,Prague,5862.0,176.0,825370,
London,Riga,1909.0,171.4,261762,
London,Rome,11402.0,181.1,1651922,1435.5
London,Rotterdam,2436.0,107.9,210276,320.5
London,Seville,3038.0,178.0,432611,1636.5
London,Stockholm,9014.0,180.5,1301622,
London,Strasbourg,3284.0,174.9,459497,648.9
London,Stuttgart,2768.0,156.9,347439,728.2
London,Tallinn,832.0,171.5,114150,
London,Tenerife,56.0,184.9,8284,
London,Toulouse,3373.0,175.8,474379,886.7
London,Turin,1792.0,176.9,253604,919.0
London,Valencia,2.0,166.7,267,1338.3
London,Venice,6714.0,179.7,965205,1137.4
London,Vienna,7458.0,183.2,1093044,1235.2
London,Vilnius,2652.0,164.9,349852,
London,Warsaw,5299.0,191.0,809687,
London,Zagreb,26.0,171.1,3559,
London,Zurich,13118.0,146.5,1537430,777.4
Lyon,Madrid,722.0,156.3,90279,912.2
Lyon,Manchester,34.0,181.0,4923,
Lyon,Marseille,441.0,136.4,48122,275.9
Lyon,Milan,97.0,153.5,11912,339.2
Lyon,Munich,523.0,113.4,47447,575.4
Lyon,Naples,4.0,151.4,484,935.8
Lyon,Nicosia,2.0,167.8,268,
Lyon,Nottingham,1.0,164.0,131,
Lyon,Oslo,2.0,150.0,240,
Lyon,Palermo,18.0,172.8,2488,1101.6
Lyon,Palma,280.0,170.0,38080,710.2
Lyon,Paris,1348.0,179.7,193788,393.2
Lyon,Porto,613.0,174.2,85428,1198.8
Lyon,Prague,61.0,162.7,7940,
Lyon,Rome,393.0,174.3,54800,749.1
Lyon,Rotterdam,1.0,189.0,151,687.0
Lyon,Seville,53.0,185.9,7882,1292.3
Lyon,Stockholm,18.0,179.3,2582,
Lyon,Strasbourg,250.0,85.1,17020,383.8
Lyon,Stuttgart,34.0,150.6,4096,469.4
Lyon,Tallinn,0.0,34.0,0,
Lyon,Toulouse,982.0,150.4,118154,359.6
Lyon,Turin,4.0,150.0,480,234.1
Lyon,Valencia,0.0,180.0,0,818.0
Lyon,Venice,242.0,162.7,31499,583.2
Lyon,Vienna,208.0,124.2,20667,915.0
Lyon,Vilnius,4.0,171.7,549,
Lyon,Warsaw,3.0,157.2,377,
Lyon,Zurich,4.0,163.6,524,335.3
Madrid,Manchester,1038.0,185.5,154039,
Madrid,Marseille,2396.0,130.6,250334,817.1
Madrid,Milan,7650.0,191.3,1170756,1188.1
Madrid,Munich,5458.0,169.5,740105,1484.5
Madrid,Naples,14.0,198.2,2220,1514.5
Madrid,Nicosia,18.0,191.7,2760,
Madrid,Nottingham,383.0,189.6,58093,
Madrid,Oslo,610.0,189.1,92281,
Madrid,Palermo,56.0,186.2,8342,1488.8
Madrid,Palma,11794.0,184.3,1738907,549.2
Madrid,Paris,13713.0,194.3,2131549,1052.4
Madrid,Porto,6924.0,166.4,921723,421.1
Madrid,Prague,1110.0,182.7,162238,
Madrid,Riga,140.0,144.0,16128,
Madrid,Rome,8060.0,200.8,1294758,1365.3
Madrid,Rotterdam,35.0,156.8,4390,1424.0
Madrid,Seville,2681.0,190.9,409442,390.3
Madrid,Stockholm,766.0,181.9,111468,
Madrid,Strasbourg,625.0,176.4,88200,1281.5
Madrid,Stuttgart,55.0,162.5,7150,1376.9
Madrid,Tallinn,2.0,178.6,286,
Madrid,Tenerife,158.0,216.6,27378,
Madrid,Toulouse,1988.0,126.4,201027,553.4
Madrid,Turin,1120.0,117.8,105549,1062.9
Madrid,Venice,2706.0,184.1,398540,1416.7
Madrid,Vienna,2678.0,180.1,385846,1809.4
Madrid,Vilnius,6.0,158.9,763,
Madrid,Warsaw,948.0,183.3,139015,
Madrid,Zagreb,4.0,185.7,594,
Madrid,Zurich,4164.0,172.8,575631,1247.0
Manchester,Marseille,217.0,185.8,32255,
Manchester,Milan,2390.0,181.3,346646,
Manchester,Munich,2034.0,172.4,280529,
Manchester,Naples,12.0,184.4,1770,
Manchester,Nicosia,1263.0,195.1,197129,
Manchester,Nottingham,752.0,154.9,93188,
Manchester,Oslo,881.0,175.9,123974,
Manchester,Palermo,8.0,180.1,1153,
Manchester,Palma,3778.0,195.3,590275,
Manchester,Paris,4248.0,165.5,562435,
Manchester,Porto,652.0,180.9,94357,
Manchester,Prague,1362.0,181.0,197218,
Manchester,Riga,244.0,179.4,35019,
Manchester,Rome,1504.0,184.8,222351,
Manchester,Rotterdam,30.0,149.2,3581,
Manchester,Seville,324.0,187.5,48600,
Manchester,Stockholm,704.0,159.3,89718,
Manchester,Strasbourg,469.0,173.0,64910,
Manchester,Stuttgart,18.0,160.5,2311,
Manchester,Tallinn,4.0,157.5,504,
Manchester,Tenerife,20.0,205.9,3294,
Manchester,Toulouse,34.0,182.2,4956,
Manchester,Turin,112.0,189.1,16943,
Manchester,Venice,1000.0,179.4,143520,
Manchester,Vienna,666.0,159.6,85035,
Manchester,Vilnius,8.0,159.4,1020,
Manchester,Warsaw,36.0,183.4,5282,
Manchester,Zagreb,3.0,175.0,420,
Manchester,Zurich,1240.0,127.3,126282,
Marseille,Milan,660.0,169.0,89232,386.8
Marseille,Munich,1733.0,132.6,183837,721.3
Marseille,Naples,4.0,189.0,605,781.8
Marseille,Nicosia,60.0,181.1,8693,
Marseille,Nottingham,96.0,185.5,14246,
Marseille,Oslo,6.0,148.0,710,
Marseille,Palermo,76.0,186.1,11315,885.0
Marseille,Palma,737.0,179.8,106010,472.8
Marseille,Paris,9206.0,162.7,1198253,660.5
Marseille,Porto,820.0,188.0,123328,1175.2
Marseille,Prague,222.0,183.9,32661,
Marseille,Riga,0.0,50.0,0,
Marseille,Rome,1047.0,207.4,173718,604.0
Marseille,Rotterdam,22.0,150.8,2654,961.5
Marseille,Seville,392.0,185.7,58236,1163.9
Marseille,Stockholm,5.0,156.9,628,
Marseille,Strasbourg,528.0,170.3,71935,615.6
Marseille,Stuttgart,16.0,145.5,1862,676.5
Marseille,Tallinn,2.0,197.7,316,
Marseille,Toulouse,452.0,153.1,55361,319.6
Marseille,Turin,10.0,153.2,1226,269.6
Marseille,Venice,486.0,180.4,70140,601.4
Marseille,Vienna,400.0,171.1,54752,1011.2
Marseille,Vilnius,2.0,134.8,216,
Marseille,Warsaw,6.0,159.0,763,
Marseille,Zurich,461.0,114.0,42043,515.8
Milan,Munich,4064.0,122.9,399572,348.3
Milan,Naples,110.0,163.7,14406,657.5
Milan,Nicosia,448.0,173.1,62039,
Milan,Nottingham,1474.0,181.6,214143,
Milan,Oslo,906.0,179.4,130029,
Milan,Palermo,3017.0,173.3,418277,887.0
Milan,Palma,2420.0,172.7,334347,846.1
Milan,Paris,15414.0,168.8,2081507,639.5
Milan,Porto,2028.0,185.6,301117,1514.4
Milan,Prague,2810.0,184.9,415655,
Milan,Riga,544.0,166.3,72374,
Milan,Rome,10866.0,164.0,1425619,478.6
Milan,Rotterdam,256.0,159.0,32563,796.6
Milan,Seville,798.0,183.3,117019,1546.9
Milan,Stockholm,1582.0,173.3,219328,
Milan,Strasbourg,469.0,163.7,61420,363.7
Milan,Stuttgart,1356.0,141.1,153065,369.0
Milan,Tallinn,532.0,193.7,82439,
Milan,Tenerife,2.0,181.7,291,
Milan,Toulouse,262.0,179.6,37644,647.5
Milan,Turin,284.0,157.7,35829,125.5
Milan,Valencia,0.0,189.0,0,1028.2
Milan,Venice,881.0,153.9,108469,245.2
Milan,Vienna,4742.0,165.4,627461,625.4
Milan,Vilnius,896.0,185.9,133253,
Milan,Warsaw,2170.0,125.1,217174,
Milan,Zagreb,18.0,167.1,2406,
Milan,Zurich,3014.0,139.5,336362,217.1
Minsk,Munich,0.0,150.0,0,
Minsk,Nicosia,3.0,150.0,360,
Minsk,Paris,0.0,150.0,0,
Minsk,Prague,0.0,150.0,0,
Minsk,Riga,2.0,150.0,240,
Minsk,Rotterdam,0.0,150.0,0,
Minsk,Strasbourg,0.0,150.0,0,
Minsk,Tallinn,0.0,50.0,0,
Minsk,Vienna,6.0,161.9,777,
Minsk,Vilnius,2.0,159.8,256,
Minsk,Warsaw,4.0,170.4,545,
Munich,Naples,28.0,186.7,4182,837.6
Munich,Nicosia,750.0,204.9,122940,
Munich,Nottingham,191.0,150.2,22951,
Munich,Oslo,2290.0,186.7,342034,
Munich,Palermo,187.0,179.4,26838,1123.6
Munich,Palma,4216.0,181.2,611151,1189.9
Munich,Paris,7046.0,149.3,841574,684.1
Munich,Porto,1119.0,183.4,164180,1768.9
Munich,Prague,1964.0,129.9,204099,
Munich,Riga,693.0,134.2,74400,
Munich,Rome,3702.0,183.2,542565,698.3
Munich,Rotterdam,46.0,144.9,5332,658.3
Munich,Seville,556.0,183.9,81799,1858.4
Munich,Stockholm,2964.0,181.4,430136,
Munich,Strasbourg,1416.0,94.9,107503,287.3
Munich,Stuttgart,2552.0,102.7,209672,190.8
Munich,Tallinn,630.0,133.3,67183,
Munich,Tenerife,6.0,202.2,971,
Munich,Toulouse,1966.0,159.4,250704,931.3
Munich,Turin,1102.0,118.4,104381,452.2
Munich,Venice,2232.0,119.4,213201,305.7
Munich,Vienna,4125.0,139.5,460350,355.7
Munich,Vilnius,380.0,138.4,42074,
Munich,Warsaw,3747.0,110.4,330935,
Munich,Zagreb,25.0,98.8,1976,
Munich,Zurich,4208.0,116.2,391176,241.9
Naples,Nicosia,1.0,150.0,120,
Naples,Nottingham,2.0,189.0,302,
Naples,Oslo,3.0,182.5,438,
Naples,Palermo,2.0,167.8,268,313.9
Naples,Palma,2.0,170.0,272,996.0
Naples,Paris,58.0,183.3,8505,1291.2
Naples,Porto,0.0,180.0,0,1914.7
Naples,Prague,5.0,195.7,783,
Naples,Rome,29.0,145.3,3371,186.7
Naples,Rotterdam,0.0,150.0,0,1439.0
Naples,Seville,2.0,189.0,302,1784.0
Naples,Stockholm,0.0,150.0,0,
Naples,Strasbourg,5.0,176.0,704,1001.5
Naples,Stuttgart,7.0,155.0,868,968.4
Naples,Toulouse,2.0,158.5,254,1098.1
Naples,Turin,15.0,196.2,2354,711.5
Naples,Venice,20.0,190.8,3053,533.4
Naples,Vienna,22.0,179.6,3161,834.7
Naples,Warsaw,2.0,220.0,352,
Naples,Zurich,21.0,146.1,2454,855.7
Nicosia,Nottingham,326.0,188.7,49213,
Nicosia,Oslo,350.0,203.0,56840,
Nicosia,Palermo,0.0,150.0,0,
Nicosia,Palma,10.0,152.4,1219,
Nicosia,Paris,572.0,187.3,85708,
Nicosia,Porto,3.0,150.0,360,
Nicosia,Prague,565.0,182.7,82580,
Nicosia,Riga,170.0,153.7,20903,
Nicosia,Rome,313.0,194.1,48603,
Nicosia,Rotterdam,5.0,157.8,631,
Nicosia,Seville,1.0,150.0,120,
Nicosia,Stockholm,543.0,202.9,88140,
Nicosia,Strasbourg,97.0,172.2,13363,
Nicosia,Stuttgart,124.0,168.6,16725,
Nicosia,Tallinn,22.0,174.4,3069,
Nicosia,Toulouse,27.0,185.3,4002,
Nicosia,Turin,6.0,150.0,720,
Nicosia,Venice,122.0,164.8,16084,
Nicosia,Vienna,1708.0,197.3,269591,
Nicosia,Vilnius,226.0,180.8,32689,
Nicosia,Warsaw,548.0,200.8,88031,
Nicosia,Zagreb,0.0,150.0,0,
Nicosia,Zurich,1023.0,173.9,142320,
Nottingham,Oslo,96.0,235.2,18063,
Nottingham,Palma,1628.0,186.1,242377,
Nottingham,Paris,1266.0,186.5,188887,
Nottingham,Porto,4.0,163.6,524,
Nottingham,Prague,47.0,179.0,6730,
Nottingham,Riga,136.0,186.4,20280,
Nottingham,Rome,118.0,184.0,17370,
Nottingham,Rotterdam,14.0,147.4,1651,
Nottingham,Seville,8.0,152.1,973,
Nottingham,Stockholm,10.0,166.1,1329,
Nottingham,Strasbourg,15.0,192.8,2314,
Nottingham,Stuttgart,54.0,193.4,8355,
Nottingham,Tallinn,2.0,160.0,256,
Nottingham,Tenerife,5.0,187.9,752,
Nottingham,Toulouse,10.0,156.7,1254,
Nottingham,Turin,4.0,168.0,538,
Nottingham,Venice,155.0,186.5,23126,
Nottingham,Vienna,3.0,156.5,376,
Nottingham,Vilnius,6.0,170.1,816,
Nottingham,Warsaw,4.0,130.1,416,
Nottingham,Zurich,20.0,149.2,2387,
Oslo,Palermo,12.0,172.7,1658,
Oslo,Palma,960.0,197.1,151373,
Oslo,Paris,3176.0,177.7,451500,
Oslo,Porto,68.0,184.0,10010,
Oslo,Prague,852.0,181.0,123370,
Oslo,Riga,1062.0,154.0,130838,
Oslo,Rome,1040.0,184.3,153338,
Oslo,Rotterdam,20.0,158.0,2528,
Oslo,Seville,4.0,136.9,438,
Oslo,Stockholm,8782.0,187.9,1320110,
Oslo,Strasbourg,36.0,150.5,4334,
Oslo,Stuttgart,28.0,144.3,3232,
Oslo,Tallinn,572.0,174.0,79622,
Oslo,Tenerife,14.0,197.1,2208,
Oslo,Toulouse,2.0,222.6,356,
Oslo,Turin,2.0,176.0,282,
Oslo,Venice,172.0,183.6,25263,
Oslo,Vienna,880.0,188.6,132774,
Oslo,Vilnius,940.0,184.2,138518,
Oslo,Warsaw,1738.0,139.2,193544,
Oslo,Zurich,1728.0,141.8,196024,
Palermo,Palma,2.0,150.0,240,941.2
Palermo,Paris,446.0,180.8,64509,1485.0
Palermo,Porto,4.0,176.2,564,1906.5
Palermo,Prague,32.0,165.2,4229,
Palermo,Riga,8.0,189.0,1210,
Palermo,Rome,2398.0,180.0,345312,426.0
Palermo,Rotterdam,26.0,156.5,3255,1683.6
Palermo,Seville,4.0,186.8,598,1699.0
Palermo,Stockholm,33.0,183.0,4831,
Palermo,Strasbourg,80.0,177.7,11373,1248.5
Palermo,Stuttgart,40.0,155.9,4989,1232.7
Palermo,Tallinn,0.0,150.0,0,
Palermo,Toulouse,22.0,176.9,3113,1171.8
Palermo,Turin,336.0,185.3,49809,905.4
Palermo,Venice,556.0,195.2,86825,818.5
Palermo,Vienna,92.0,180.2,13263,1148.1
Palermo,Warsaw,20.0,183.8,2941,
Palermo,Zurich,272.0,171.2,37253,1100.6
Palma,Paris,2964.0,179.4,425393,1032.6
Palma,Porto,725.0,168.2,97556,969.5
Palma,Prague,986.0,169.3,133544,
Palma,Riga,36.0,163.0,4694,
Palma,Rome,744.0,185.3,110291,869.5
Palma,Rotterdam,356.0,170.3,48501,1380.8
Palma,Seville,2629.0,181.9,382572,788.7
Palma,Stockholm,1738.0,185.3,257641,
Palma,Strasbourg,1557.0,170.5,212375,1081.2
Palma,Stuttgart,3404.0,172.6,470024,1148.0
Palma,Tallinn,6.0,163.1,783,
Palma,Tenerife,1.0,162.5,130,
Palma,Toulouse,740.0,168.5,99752,459.7
Palma,Turin,45.0,179.9,6476,738.3
Palma,Valencia,4.0,140.9,451,260.1
Palma,Venice,364.0,185.2,53930,1026.2
Palma,Vienna,3098.0,181.0,448590,1456.2
Palma,Vilnius,62.0,180.2,8938,
Palma,Warsaw,570.0,189.7,86503,
Palma,Zurich,4336.0,176.1,610856,988.4
Paris,Porto,10282.0,181.6,1493769,1212.8
Paris,Prague,4168.0,173.6,578852,
Paris,Riga,658.0,138.9,73117,
Paris,Rome,10668.0,181.6,1549847,1107.0
Paris,Rotterdam,6.0,154.8,743,373.2
Paris,Seville,2932.0,174.9,410245,1441.2
Paris,Stockholm,4316.0,175.4,605621,
Paris,Strasbourg,1760.0,135.2,190362,397.0
Paris,Stuttgart,1271.0,105.3,107069,499.8
Paris,Tallinn,424.0,143.6,48709,
Paris,Tenerife,12.0,180.6,1734,
Paris,Toulouse,16820.0,171.0,2300976,587.8
Paris,Turin,1136.0,102.6,93243,583.7
Paris,Valencia,0.0,180.0,0,1065.2
Paris,Venice,6393.0,159.4,815235,844.3
Paris,Vienna,5450.0,173.5,756460,1033.6
Paris,Vilnius,668.0,157.7,84275,
Paris,Warsaw,4734.0,149.2,565050,
Paris,Zagreb,14.0,142.4,1595,
Paris,Zurich,3902.0,138.5,432342,489.0
Porto,Prague,164.0,178.8,23459,
Porto,Riga,28.0,141.7,3174,
Porto,Rome,505.0,194.7,78659,1756.0
Porto,Rotterdam,13.0,154.5,1607,1556.5
Porto,Seville,368.0,185.5,54611,476.3
Porto,Stockholm,52.0,184.2,7663,
Porto,Strasbourg,1262.0,180.0,181728,1526.5
Porto,Stuttgart,254.0,157.6,32024,1630.8
Porto,Tallinn,2.0,180.0,288,
Porto,Tenerife,0.0,189.0,0,
Porto,Toulouse,891.0,181.2,129159,869.2
Porto,Turin,46.0,183.7,6760,1390.2
Porto,Valencia,0.0,189.0,0,722.0
Porto,Venice,195.0,186.7,29125,1755.2
Porto,Vienna,458.0,181.7,66575,2113.8
Porto,Vilnius,1.0,150.0,120,
Porto,Warsaw,110.0,212.6,18709,
Porto,Zagreb,0.0,189.0,0,
Porto,Zurich,2440.0,172.3,336330,1527.1
Prague,Riga,462.0,155.1,57325,
Prague,Rome,1814.0,193.3,280517,
Prague,Rotterdam,47.0,153.3,5764,
Prague,Seville,52.0,187.3,7792,
Prague,Stockholm,930.0,173.3,128935,
Prague,Strasbourg,380.0,175.4,53322,
Prague,Stuttgart,67.0,152.4,8169,
Prague,Tallinn,27.0,151.6,3275,
Prague,Toulouse,66.0,144.3,7619,
Prague,Turin,129.0,182.6,18844,
Prague,Venice,666.0,194.3,103523,
Prague,Vienna,2184.0,124.4,217352,
Prague,Vilnius,40.0,234.3,7498,
Prague,Warsaw,3088.0,97.8,241605,
Prague,Zagreb,0.0,180.0,0,
Prague,Zurich,2254.0,135.4,244153,
Riga,Rome,382.0,156.5,47826,
Riga,Rotterdam,5.0,141.4,566,
Riga,Seville,2.0,220.8,353,
Riga,Stockholm,1390.0,153.3,170470,
Riga,Strasbourg,2.0,149.8,240,
Riga,Stuttgart,184.0,132.2,19460,
Riga,Tallinn,1854.0,133.3,197711,
Riga,Turin,1.0,130.0,104,
Riga,Venice,173.0,177.2,24524,
Riga,Vienna,858.0,146.8,100764,
Riga,Vilnius,1668.0,133.6,178276,
Riga,Warsaw,808.0,86.9,56172,
Riga,Zurich,368.0,135.2,39803,
Rome,Rotterdam,298.0,161.8,38573,1269.6
Rome,Seville,684.0,191.0,104515,1656.5
Rome,Stockholm,1375.0,182.0,200200,
Rome,Strasbourg,892.0,179.4,128020,832.0
Rome,Stuttgart,558.0,159.3,71112,809.1
Rome,Tallinn,236.0,196.3,37061,
Rome,Tenerife,0.0,180.0,0,
Rome,Toulouse,256.0,186.2,38134,922.8
Rome,Turin,2031.0,161.3,262080,525.6
Rome,Valencia,1.0,180.0,144,1118.6
Rome,Venice,2698.0,173.1,373619,394.5
Rome,Vienna,2872.0,188.5,433098,764.8
Rome,Vilnius,381.0,187.8,57241,
Rome,Warsaw,964.0,211.3,162955,
Rome,Zagreb,2.0,183.0,293,
Rome,Zurich,3090.0,157.6,389587,684.5
Rotterdam,Seville,8.0,157.3,1007,1811.6
Rotterdam,Stockholm,36.0,145.6,4193,
Rotterdam,Strasbourg,22.0,150.0,2640,437.8
Rotterdam,Stuttgart,35.0,152.2,4262,482.5
Rotterdam,Tallinn,10.0,151.0,1208,
Rotterdam,Tenerife,2.0,186.8,299,
Rotterdam,Toulouse,8.0,150.0,960,952.1
Rotterdam,Turin,8.0,150.0,960,797.5
Rotterdam,Venice,18.0,146.1,2104,922.2
Rotterdam,Vienna,60.0,148.3,7118,942.5
Rotterdam,Vilnius,8.0,151.2,968,
Rotterdam,Warsaw,16.0,156.4,2002,
Rotterdam,Zurich,110.0,150.2,13218,585.1
Seville,Stockholm,4.0,154.9,496,
Seville,Strasbourg,5.0,152.8,611,1667.2
Seville,Stuttgart,4.0,133.9,428,1760.2
Seville,Tenerife,31.0,180.4,4474,
Seville,Toulouse,320.0,185.1,47386,933.0
Seville,Turin,148.0,188.2,22283,1423.6
Seville,Venice,273.0,187.9,41037,1763.9
Seville,Vienna,246.0,181.2,35660,2172.1
Seville,Warsaw,72.0,214.7,12367,
Seville,Zurich,180.0,177.0,25488,1624.7
Stockholm,Strasbourg,40.0,150.5,4816,
Stockholm,Stuttgart,192.0,168.8,25928,
Stockholm,Tallinn,2358.0,112.8,212786,
Stockholm,Tenerife,17.0,191.4,2603,
Stockholm,Toulouse,6.0,151.6,728,
Stockholm,Turin,162.0,175.2,22706,
Stockholm,Venice,235.0,183.2,34442,
Stockholm,Vienna,2470.0,177.3,350345,
Stockholm,Vilnius,918.0,112.0,82253,
Stockholm,Warsaw,2067.0,99.5,164533,
Stockholm,Zurich,2673.0,165.7,354333,
Strasbourg,Stuttgart,97.0,149.3,11586,107.4
Strasbourg,Tallinn,5.0,150.0,600,
Strasbourg,Tenerife,8.0,182.6,1169,
Strasbourg,Toulouse,1051.0,146.1,122841,736.2
Strasbourg,Turin,12.0,146.6,1407,390.7
Strasbourg,Venice,284.0,158.4,35988,493.2
Strasbourg,Vienna,1020.0,125.7,102571,637.9
Strasbourg,Vilnius,8.0,164.2,1051,
Strasbourg,Warsaw,234.0,202.2,37852,
Strasbourg,Zagreb,2.0,179.5,287,
Strasbourg,Zurich,747.0,149.7,89461,148.0
Stuttgart,Tallinn,14.0,152.9,1712,
Stuttgart,Tenerife,5.0,178.7,715,
Stuttgart,Toulouse,5.0,155.9,624,827.4
Stuttgart,Turin,14.0,151.4,1696,427.9
Stuttgart,Venice,225.0,159.0,28620,441.9
Stuttgart,Vienna,2766.0,142.7,315767,533.8
Stuttgart,Vilnius,13.0,169.1,1759,
Stuttgart,Warsaw,544.0,93.9,40865,
Stuttgart,Zagreb,3.0,166.7,400,
Stuttgart,Zurich,1394.0,132.1,147318,164.2
Tallinn,Tenerife,0.0,189.0,0,
Tallinn,Toulouse,3.0,166.7,400,
Tallinn,Turin,1.0,99.0,79,
Tallinn,Venice,208.0,201.2,33480,
Tallinn,Vienna,336.0,180.5,48518,
Tallinn,Vilnius,732.0,135.8,79524,
Tallinn,Warsaw,2132.0,96.6,164761,
Tallinn,Zurich,386.0,132.3,40854,
Tenerife,Toulouse,2.0,136.0,218,
Tenerife,Vienna,2.0,220.0,352,
Tenerife,Warsaw,2.0,184.6,295,
Tenerife,Zurich,20.0,176.4,2822,
Toulouse,Turin,2.0,150.0,240,522.4
Toulouse,Venice,289.0,187.4,43327,886.3
Toulouse,Vienna,9.0,156.7,1128,1260.7
Toulouse,Vilnius,2.0,160.0,256,
Toulouse,Warsaw,2.0,185.8,297,
Toulouse,Zurich,22.0,153.0,2693,693.7
Turin,Valencia,1.0,189.0,151,909.0
Turin,Venice,50.0,147.0,5880,365.9
Turin,Vienna,14.0,150.2,1682,748.7
Turin,Vilnius,105.0,187.5,15750,
Turin,Warsaw,50.0,186.3,7452,
Turin,Zurich,26.0,148.6,3091,263.8
Valencia,Vienna,0.0,180.0,0,1651.9
Valencia,Zurich,1.0,130.0,104,1134.4
Venice,Vienna,2980.0,137.2,327085,435.1
Venice,Vilnius,194.0,188.0,29178,
Venice,Warsaw,548.0,136.7,59929,
Venice,Zurich,2074.0,133.9,222167,360.7
Vienna,Vilnius,449.0,171.6,61639,
Vienna,Warsaw,3689.0,114.4,337617,
Vienna,Zagreb,24.0,98.6,1893,
Vienna,Zurich,5122.0,170.4,698231,591.6
Vilnius,Warsaw,2856.0,99.6,227566,
Vilnius,Zurich,278.0,129.7,28845,
Warsaw,Zagreb,8.0,85.4,547,
Warsaw,Zurich,2836.0,125.3,284281,
Zagreb,Zurich,18.0,81.8,1178,
