city_a,city_b,air_share,rail_share,has_air,has_rail
Amsterdam,Antwerp,0.5,0.5,False,False
Amsterdam,Barcelona,1.0,0.0,True,False
Amsterdam,Berlin,1.0,0.0,True,False
Amsterdam,Bilbao,0.5,0.5,False,False
Amsterdam,Bordeaux,0.5,0.5,False,False
Amsterdam,Bremen,0.5,0.5,False,False
Amsterdam,Brussels,1.0,0.0,True,False
Amsterdam,Cologne,0.44646772012795216,0.5535322798720479,True,True
Amsterdam,Dortmund,0.5,0.5,False,False
Amsterdam,Dresden,0.5,0.5,False,False
Amsterdam,Duisburg,0.5,0.5,False,False
Amsterdam,Dusseldorf,0.5,0.5,False,False
Amsterdam,Essen,0.5,0.5,False,False
Amsterdam,Frankfurt,1.0,0.0,True,False
Amsterdam,Geneva,1.0,0.0,True,False
Amsterdam,Genoa,0.5,0.5,False,False
Amsterdam,Granada,0.5,0.5,False,False
Amsterdam,Hamburg,1.0,0.0,True,False
Amsterdam,Hannover,0.5,0.5,False,False
Amsterdam,Leipzig,0.5,0.5,False,False
Amsterdam,Liege,0.5,0.5,False,False
Amsterdam,Lille,0.5,0.5,False,False
Amsterdam,Lisbon,1.0,0.0,True,False
Amsterdam,London,1.0,0.0,True,False
Amsterdam,Lyon,1.0,0.0,True,False
Amsterdam,Madrid,1.0,0.0,True,False
Amsterdam,Malaga,0.5,0.5,False,False
Amsterdam,Marseille,1.0,0.0,True,False
Amsterdam,Milan,1.0,0.0,True,False
Amsterdam,Munich,1.0,0.0,True,False
Amsterdam,Murcia,0.5,0.5,False,False
Amsterdam,Nantes,0.5,0.5,False,False
Amsterdam,Naples,0.5,0.5,False,False
Amsterdam,Nice,0.5,0.5,False,False
Amsterdam,Nuremberg,0.5,0.5,False,False
Amsterdam,Palermo,0.5,0.5,False,False
Amsterdam,Palma,1.0,0.0,True,False
Amsterdam,Paris,1.0,0.0,True,False
Amsterdam,Porto,1.0,0.0,True,False
Amsterdam,Rome,1.0,0.0,True,False
Amsterdam,Rotterdam,0.044644901762309425,0.9553550982376906,True,True
Amsterdam,Seville,1.0,0.0,True,False
Amsterdam,Strasbourg,1.0,0.0,True,False
Amsterdam,Stuttgart,1.0,0.0,True,False
Amsterdam,The Hague,0.0,1.0,False,True
Amsterdam,Toulouse,1.0,0.0,True,False
Amsterdam,Turin,1.0,0.0,True,False
Amsterdam,Utrecht,0.0,1.0,False,True
Amsterdam,Valencia,0.5,0.5,False,False
Amsterdam,Venice,1.0,0.0,True,False
Amsterdam,Vienna,1.0,0.0,True,False
Amsterdam,Zurich,1.0,0.0,True,False
Antwerp,Barcelona,0.5,0.5,False,False
Antwerp,Berlin,0.5,0.5,False,False
Antwerp,Bilbao,0.5,0.5,False,False
Antwerp,Bordeaux,0.5,0.5,False,False
Antwerp,Bremen,0.5,0.5,False,False
Antwerp,Brussels,0.0,1.0,False,True
Antwerp,Cologne,0.5,0.5,False,False
Antwerp,Dortmund,0.5,0.5,False,False
Antwerp,Dresden,0.5,0.5,False,False
Antwerp,Duisburg,0.5,0.5,False,False
Antwerp,Dusseldorf,0.5,0.5,False,False
Antwerp,Essen,0.5,0.5,False,False
Antwerp,Frankfurt,0.5,0.5,False,False
Antwerp,Geneva,0.5,0.5,False,False
Antwerp,Genoa,0.5,0.5,False,False
Antwerp,Granada,0.5,0.5,False,False
Antwerp,Hamburg,0.5,0.5,False,False
Antwerp,Hannover,0.5,0.5,False,False
Antwerp,Leipzig,0.5,0.5,False,False
Antwerp,Liege,0.5,0.5,False,False
Antwerp,Lille,0.5,0.5,False,False
Antwerp,Lisbon,0.5,0.5,False,False
Antwerp,London,0.5,0.5,False,False
Antwerp,Lyon,0.5,0.5,False,False
Antwerp,Madrid,0.5,0.5,False,False
Antwerp,Malaga,0.5,0.5,False,False
Antwerp,Marseille,0.5,0.5,False,False
Antwerp,Milan,0.5,0.5,False,False
Antwerp,Munich,0.5,0.5,False,False
Antwerp,Murcia,0.5,0.5,False,False
Antwerp,Nantes,0.5,0.5,False,False
Antwerp,Naples,0.5,0.5,False,False
Antwerp,Nice,0.5,0.5,False,False
Antwerp,Nuremberg,0.5,0.5,False,False
Antwerp,Palermo,0.5,0.5,False,False
Antwerp,Palma,0.5,0.5,False,False
Antwerp,Paris,0.5,0.5,False,False
Antwerp,Porto,0.5,0.5,False,False
Antwerp,Rome,0.5,0.5,False,False
Antwerp,Rotterdam,0.0,1.0,False,True
Antwerp,Seville,0.5,0.5,False,False
Antwerp,Strasbourg,0.5,0.5,False,False
Antwerp,Stuttgart,0.5,0.5,False,False
Antwerp,The Hague,0.5,0.5,False,False
Antwerp,Toulouse,0.5,0.5,False,False
Antwerp,Turin,0.5,0.5,False,False
Antwerp,Utrecht,0.5,0.5,False,False
Antwerp,Valencia,0.5,0.5,False,False
Antwerp,Venice,0.5,0.5,False,False
Antwerp,Vienna,0.5,0.5,False,False
Antwerp,Zurich,0.5,0.5,False,False
Barcelona,Berlin,1.0,0.0,True,False
Barcelona,Bilbao,0.0,1.0,False,True
Barcelona,Bordeaux,0.5,0.5,False,False
Barcelona,Bremen,0.5,0.5,False,False
Barcelona,Brussels,1.0,0.0,True,False
Barcelona,Cologne,1.0,0.0,True,False
Barcelona,Dortmund,0.5,0.5,False,False
Barcelona,Dresden,0.5,0.5,False,False
Barcelona,Duisburg,0.5,0.5,False,False
Barcelona,Dusseldorf,0.5,0.5,False,False
Barcelona,Essen,0.5,0.5,False,False
Barcelona,Frankfurt,1.0,0.0,True,False
Barcelona,Geneva,1.0,0.0,True,False
Barcelona,Genoa,0.5,0.5,False,False
Barcelona,Granada,0.0,1.0,False,True
Barcelona,Hamburg,1.0,0.0,True,False
Barcelona,Hannover,0.5,0.5,False,False
Barcelona,Leipzig,0.5,0.5,False,False
Barcelona,Liege,0.5,0.5,False,False
Barcelona,Lille,0.5,0.5,False,False
Barcelona,Lisbon,1.0,0.0,True,False
Barcelona,London,1.0,0.0,True,False
Barcelona,Lyon,0.21452675743318175,0.7854732425668183,True,True
Barcelona,Madrid,0.6564668588192234,0.3435331411807766,True,True
Barcelona,Malaga,0.5,0.5,False,True
Barcelona,Marseille,0.3832425296156446,0.6167574703843555,True,True
Barcelona,Milan,1.0,0.0,True,False
Barcelona,Munich,1.0,0.0,True,False
Barcelona,Murcia,0.5,0.5,False,False
Barcelona,Nantes,0.5,0.5,False,False
Barcelona,Naples,0.5,0.5,False,False
Barcelona,Nice,0.5,0.5,False,False
Barcelona,Nuremberg,0.5,0.5,False,False
Barcelona,Palermo,1.0,0.0,True,False
Barcelona,Palma,1.0,0.0,True,False
Barcelona,Paris,0.764560277996109,0.23543972200389096,True,True
Barcelona,Porto,1.0,0.0,True,False
Barcelona,Rome,1.0,0.0,True,False
Barcelona,Rotterdam,1.0,0.0,True,False
Barcelona,Seville,0.28425234730990084,0.7157476526900992,True,True
Barcelona,Strasbourg,1.0,0.0,True,False
Barcelona,Stuttgart,1.0,0.0,True,False
Barcelona,The Hague,0.5,0.5,False,False
Barcelona,Toulouse,1.0,0.0,True,False
Barcelona,Turin,1.0,0.0,True,False
Barcelona,Utrecht,0.5,0.5,False,False
Barcelona,Valencia,0.0,1.0,False,True
Barcelona,Venice,1.0,0.0,True,False
Barcelona,Vienna,1.0,0.0,True,False
Barcelona,Zurich,1.0,0.0,True,False
Berlin,Bilbao,0.5,0.5,False,False
Berlin,Bordeaux,0.5,0.5,False,False
Berlin,Bremen,0.0,1.0,False,True
Berlin,Brussels,1.0,0.0,True,False
Berlin,Cologne,1.0,0.0,True,False
Berlin,Dortmund,0.0,1.0,False,True
Berlin,Dresden,0.0,1.0,False,True
Berlin,Duisburg,0.5,0.5,False,False
Berlin,Dusseldorf,0.5,0.5,False,False
Berlin,Essen,0.5,0.5,False,False
Berlin,Frankfurt,0.44292965210866336,0.5570703478913366,True,True
Berlin,Geneva,1.0,0.0,True,False
Berlin,Genoa,0.5,0.5,False,False
Berlin,Granada,0.5,0.5,False,False
Berlin,Hamburg,0.2213040647790315,0.7786959352209685,True,True
Berlin,Hannover,0.0,1.0,False,True
Berlin,Leipzig,0.0,1.0,False,True
Berlin,Liege,0.5,0.5,False,False
Berlin,Lille,0.5,0.5,False,False
Berlin,Lisbon,1.0,0.0,True,False
Berlin,London,1.0,0.0,True,False
Berlin,Lyon,0.5,0.5,False,False
Berlin,Madrid,1.0,0.0,True,False
Berlin,Malaga,0.5,0.5,False,False
Berlin,Marseille,1.0,0.0,True,False
Berlin,Milan,1.0,0.0,True,False
Berlin,Munich,0.426961055209624,0.573038944790376,True,True
Berlin,Murcia,0.5,0.5,False,False
Berlin,Nantes,0.5,0.5,False,False
Berlin,Naples,0.5,0.5,False,False
Berlin,Nice,0.5,0.5,False,False
Berlin,Nuremberg,0.0,1.0,False,True
Berlin,Palermo,1.0,0.0,True,False
Berlin,Palma,1.0,0.0,True,False
Berlin,Paris,1.0,0.0,True,False
Berlin,Porto,1.0,0.0,True,False
Berlin,Rome,1.0,0.0,True,False
Berlin,Rotterdam,1.0,0.0,True,False
Berlin,Seville,0.5,0.5,False,False
Berlin,Strasbourg,1.0,0.0,True,False
Berlin,Stuttgart,1.0,0.0,True,False
Berlin,The Hague,0.5,0.5,False,False
Berlin,Toulouse,0.5,0.5,False,False
Berlin,Turin,0.5,0.5,False,False
Berlin,Utrecht,0.0,1.0,False,True
Berlin,Valencia,0.5,0.5,False,False
Berlin,Venice,1.0,0.0,True,False
Berlin,Vienna,1.0,0.0,True,False
Berlin,Zurich,1.0,0.0,True,False
Bilbao,Bordeaux,0.5,0.5,False,False
Bilbao,Bremen,0.5,0.5,False,False
Bilbao,Brussels,0.5,0.5,False,False
Bilbao,Cologne,0.5,0.5,False,False
Bilbao,Dortmund,0.5,0.5,False,False
Bilbao,Dresden,0.5,0.5,False,False
Bilbao,Duisburg,0.5,0.5,False,False
Bilbao,Dusseldorf,0.5,0.5,False,False
Bilbao,Essen,0.5,0.5,False,False
Bilbao,Frankfurt,0.5,0.5,False,False
Bilbao,Geneva,0.5,0.5,False,False
Bilbao,Genoa,0.5,0.5,False,False
Bilbao,Granada,0.5,0.5,False,False
Bilbao,Hamburg,0.5,0.5,False,False
Bilbao,Hannover,0.5,0.5,False,False
Bilbao,Leipzig,0.5,0.5,False,False
Bilbao,Liege,0.5,0.5,False,False
Bilbao,Lille,0.5,0.5,False,False
Bilbao,Lisbon,0.5,0.5,False,False
Bilbao,London,0.5,0.5,False,False
Bilbao,Lyon,0.5,0.5,False,False
Bilbao,Madrid,0.0,1.0,False,True
Bilbao,Malaga,0.5,0.5,False,False
Bilbao,Marseille,0.5,0.5,False,False
Bilbao,Milan,0.5,0.5,False,False
Bilbao,Munich,0.5,0.5,False,False
Bilbao,Murcia,0.5,0.5,False,False
Bilbao,Nantes,0.5,0.5,False,False
Bilbao,Naples,0.5,0.5,False,False
Bilbao,Nice,0.5,0.5,False,False
Bilbao,Nuremberg,0.5,0.5,False,False
Bilbao,Palermo,0.5,0.5,False,False
Bilbao,Palma,0.5,0.5,False,False
Bilbao,Paris,0.5,0.5,False,False
Bilbao,Porto,0.5,0.5,False,False
Bilbao,Rome,0.5,0.5,False,False
Bilbao,Rotterdam,0.5,0.5,False,False
Bilbao,Seville,0.5,0.5,False,False
Bilbao,Strasbourg,0.5,0.5,False,False
Bilbao,Stuttgart,0.5,0.5,False,False
Bilbao,The Hague,0.5,0.5,False,False
Bilbao,Toulouse,0.5,0.5,False,False
Bilbao,Turin,0.5,0.5,False,False
Bilbao,Utrecht,0.5,0.5,False,False
Bilbao,Valencia,0.5,0.5,False,False
Bilbao,Venice,0.5,0.5,False,False
Bilbao,Vienna,0.5,0.5,False,False
Bilbao,Zurich,0.5,0.5,False,False
Bordeaux,Bremen,0.5,0.5,False,False
Bordeaux,Brussels,0.5,0.5,False,False
Bordeaux,Cologne,0.5,0.5,False,False
Bordeaux,Dortmund,0.5,0.5,False,False
Bordeaux,Dresden,0.5,0.5,False,False
Bordeaux,Duisburg,0.5,0.5,False,False
Bordeaux,Dusseldorf,0.5,0.5,False,False
Bordeaux,Essen,0.5,0.5,False,False
Bordeaux,Frankfurt,0.5,0.5,False,False
Bordeaux,Geneva,0.5,0.5,False,False
Bordeaux,Genoa,0.5,0.5,False,False
Bordeaux,Granada,0.5,0.5,False,False
Bordeaux,Hamburg,0.5,0.5,False,False
Bordeaux,Hannover,0.5,0.5,False,False
Bordeaux,Leipzig,0.5,0.5,False,False
Bordeaux,Liege,0.5,0.5,False,False
Bordeaux,Lille,0.5,0.5,False,False
Bordeaux,Lisbon,0.5,0.5,False,False
Bordeaux,London,0.5,0.5,False,False
Bordeaux,Lyon,0.5,0.5,False,False
Bordeaux,Madrid,0.5,0.5,False,False
Bordeaux,Malaga,0.5,0.5,False,False
Bordeaux,Marseille,0.5,0.5,False,False
Bordeaux,Milan,0.5,0.5,False,False
Bordeaux,Munich,0.5,0.5,False,False
Bordeaux,Murcia,0.5,0.5,False,False
Bordeaux,Nantes,0.0,1.0,False,True
Bordeaux,Naples,0.5,0.5,False,False
Bordeaux,Nice,0.5,0.5,False,False
Bordeaux,Nuremberg,0.5,0.5,False,False
Bordeaux,Palermo,0.5,0.5,False,False
Bordeaux,Palma,0.5,0.5,False,False
Bordeaux,Paris,0.0,1.0,False,True
Bordeaux,Porto,0.5,0.5,False,False
Bordeaux,Rome,0.5,0.5,False,False
Bordeaux,Rotterdam,0.5,0.5,False,False
Bordeaux,Seville,0.5,0.5,False,False
Bordeaux,Strasbourg,0.0,1.0,False,True
Bordeaux,Stuttgart,0.5,0.5,False,False
Bordeaux,The Hague,0.5,0.5,False,False
Bordeaux,Toulouse,0.0,1.0,False,True
Bordeaux,Turin,0.5,0.5,False,False
Bordeaux,Utrecht,0.5,0.5,False,False
Bordeaux,Valencia,0.5,0.5,False,False
Bordeaux,Venice,0.5,0.5,False,False
Bordeaux,Vienna,0.5,0.5,False,False
Bordeaux,Zurich,0.5,0.5,False,False
Bremen,Brussels,0.5,0.5,False,False
Bremen,Cologne,0.0,1.0,False,True
Bremen,Dortmund,0.0,1.0,False,True
Bremen,Dresden,0.5,0.5,False,False
Bremen,Duisburg,0.5,0.5,False,False
Bremen,Dusseldorf,0.5,0.5,False,False
Bremen,Essen,0.0,1.0,False,True
Bremen,Frankfurt,0.5,0.5,False,False
Bremen,Geneva,0.5,0.5,False,False
Bremen,Genoa,0.5,0.5,False,False
Bremen,Granada,0.5,0.5,False,False
Bremen,Hamburg,0.0,1.0,False,True
Bremen,Hannover,0.0,1.0,False,True
Bremen,Leipzig,0.5,0.5,False,False
Bremen,Liege,0.5,0.5,False,False
Bremen,Lille,0.5,0.5,False,False
Bremen,Lisbon,0.5,0.5,False,False
Bremen,London,0.5,0.5,False,False
Bremen,Lyon,0.5,0.5,False,False
Bremen,Madrid,0.5,0.5,False,False
Bremen,Malaga,0.5,0.5,False,False
Bremen,Marseille,0.5,0.5,False,False
Bremen,Milan,0.5,0.5,False,False
Bremen,Munich,0.5,0.5,False,False
Bremen,Murcia,0.5,0.5,False,False
Bremen,Nantes,0.5,0.5,False,False
Bremen,Naples,0.5,0.5,False,False
Bremen,Nice,0.5,0.5,False,False
Bremen,Nuremberg,0.5,0.5,False,False
Bremen,Palermo,0.5,0.5,False,False
Bremen,Palma,0.5,0.5,False,False
Bremen,Paris,0.5,0.5,False,False
Bremen,Porto,0.5,0.5,False,False
Bremen,Rome,0.5,0.5,False,False
Bremen,Rotterdam,0.5,0.5,False,False
Bremen,Seville,0.5,0.5,False,False
Bremen,Strasbourg,0.5,0.5,False,False
Bremen,Stuttgart,0.5,0.5,False,False
Bremen,The Hague,0.5,0.5,False,False
Bremen,Toulouse,0.5,0.5,False,False
Bremen,Turin,0.5,0.5,False,False
Bremen,Utrecht,0.0,1.0,False,True
Bremen,Valencia,0.5,0.5,False,False
Bremen,Venice,0.5,0.5,False,False
Bremen,Vienna,0.5,0.5,False,False
Bremen,Zurich,0.5,0.5,False,False
Brussels,Cologne,0.2040831863994302,0.7959168136005698,True,True
Brussels,Dortmund,0.5,0.5,False,False
Brussels,Dresden,0.5,0.5,False,False
Brussels,Duisburg,0.5,0.5,False,False
Brussels,Dusseldorf,0.5,0.5,False,False
Brussels,Essen,0.5,0.5,False,False
Brussels,Frankfurt,1.0,0.0,True,False
Brussels,Geneva,1.0,0.0,True,False
Brussels,Genoa,0.5,0.5,False,False
Brussels,Granada,0.5,0.5,False,False
Brussels,Hamburg,1.0,0.0,True,False
Brussels,Hannover,0.5,0.5,False,False
Brussels,Leipzig,0.5,0.5,False,False
Brussels,Liege,0.0,1.0,False,True
Brussels,Lille,0.0,1.0,False,True
Brussels,Lisbon,1.0,0.0,True,False
Brussels,London,0.6056750047184462,0.39432499528155385,True,True
Brussels,Lyon,1.0,0.0,True,False
Brussels,Madrid,1.0,0.0,True,False
Brussels,Malaga,0.5,0.5,False,False
Brussels,Marseille,1.0,0.0,True,False
Brussels,Milan,1.0,0.0,True,False
Brussels,Munich,0.6472186032195381,0.35278139678046194,True,True
Brussels,Murcia,0.5,0.5,False,False
Brussels,Nantes,0.5,0.5,False,False
Brussels,Naples,0.5,0.5,False,False
Brussels,Nice,0.5,0.5,False,False
Brussels,Nuremberg,0.5,0.5,False,False
Brussels,Palermo,1.0,0.0,True,False
Brussels,Palma,1.0,0.0,True,False
Brussels,Paris,0.41963504180978956,0.5803649581902104,True,True
Brussels,Porto,1.0,0.0,True,False
Brussels,Rome,1.0,0.0,True,False
Brussels,Rotterdam,0.05092204022193846,0.9490779597780615,True,True
Brussels,Seville,1.0,0.0,True,False
Brussels,Strasbourg,1.0,0.0,True,False
Brussels,Stuttgart,1.0,0.0,True,False
Brussels,The Hague,0.5,0.5,False,False
Brussels,Toulouse,1.0,0.0,True,False
Brussels,Turin,1.0,0.0,True,False
Brussels,Utrecht,0.5,0.5,False,False
Brussels,Valencia,0.5,0.5,False,False
Brussels,Venice,1.0,0.0,True,False
Brussels,Vienna,1.0,0.0,True,False
Brussels,Zurich,1.0,0.0,True,False
Cologne,Dortmund,0.5,0.5,False,False
Cologne,Dresden,0.5,0.5,False,False
Cologne,Duisburg,0.0,1.0,False,True
Cologne,Dusseldorf,0.0,1.0,False,True
Cologne,Essen,0.0,1.0,False,True
Cologne,Frankfurt,0.13549465750414066,0.8645053424958593,True,True
Cologne,Geneva,1.0,0.0,True,False
Cologne,Genoa,0.5,0.5,False,False
Cologne,Granada,0.5,0.5,False,False
Cologne,Hamburg,1.0,0.0,True,False
Cologne,Hannover,0.5,0.5,False,False
Cologne,Leipzig,0.5,0.5,False,False
Cologne,Liege,0.0,1.0,False,True
Cologne,Lille,0.5,0.5,False,False
Cologne,Lisbon,1.0,0.0,True,False
Cologne,London,1.0,0.0,True,False
Cologne,Lyon,1.0,0.0,True,False
Cologne,Madrid,1.0,0.0,True,False
Cologne,Malaga,0.5,0.5,False,False
Cologne,Marseille,1.0,0.0,True,False
Cologne,Milan,1.0,0.0,True,False
Cologne,Munich,0.2052540920681788,0.7947459079318212,True,True
Cologne,Murcia,0.5,0.5,False,False
Cologne,Nantes,0.5,0.5,False,False
Cologne,Naples,0.5,0.5,False,False
Cologne,Nice,0.5,0.5,False,False
Cologne,Nuremberg,0.5,0.5,False,False
Cologne,Palermo,1.0,0.0,True,False
Cologne,Palma,1.0,0.0,True,False
Cologne,Paris,1.0,0.0,True,False
Cologne,Porto,1.0,0.0,True,False
Cologne,Rome,1.0,0.0,True,False
Cologne,Rotterdam,1.0,0.0,True,False
Cologne,Seville,1.0,0.0,True,False
Cologne,Strasbourg,0.09031054690250648,0.9096894530974935,True,True
Cologne,Stuttgart,0.04328007001629219,0.9567199299837078,True,True
Cologne,The Hague,0.5,0.5,False,False
Cologne,Toulouse,0.5,0.5,False,False
Cologne,Turin,0.5,0.5,False,False
Cologne,Utrecht,0.0,1.0,False,True
Cologne,Valencia,0.5,0.5,False,False
Cologne,Venice,1.0,0.0,True,False
Cologne,Vienna,1.0,0.0,True,False
Cologne,Zurich,0.30619134178212143,0.6938086582178786,True,True
Dortmund,Dresden,0.5,0.5,False,False
Dortmund,Duisburg,0.0,1.0,False,True
Dortmund,Dusseldorf,0.0,1.0,False,True
Dortmund,Essen,0.0,1.0,False,True
Dortmund,Frankfurt,0.0,1.0,False,True
Dortmund,Geneva,0.5,0.5,False,False
Dortmund,Genoa,0.5,0.5,False,False
Dortmund,Granada,0.5,0.5,False,False
Dortmund,Hamburg,0.5,0.5,False,False
Dortmund,Hannover,0.0,1.0,False,True
Dortmund,Leipzig,0.0,1.0,False,True
Dortmund,Liege,0.5,0.5,False,False
Dortmund,Lille,0.5,0.5,False,False
Dortmund,Lisbon,0.5,0.5,False,False
Dortmund,London,0.5,0.5,False,False
Dortmund,Lyon,0.5,0.5,False,False
Dortmund,Madrid,0.5,0.5,False,False
Dortmund,Malaga,0.5,0.5,False,False
Dortmund,Marseille,0.5,0.5,False,False
Dortmund,Milan,0.5,0.5,False,False
Dortmund,Munich,0.0,1.0,False,True
Dortmund,Murcia,0.5,0.5,False,False
Dortmund,Nantes,0.5,0.5,False,False
Dortmund,Naples,0.5,0.5,False,False
Dortmund,Nice,0.5,0.5,False,False
Dortmund,Nuremberg,0.0,1.0,False,True
Dortmund,Palermo,0.5,0.5,False,False
Dortmund,Palma,0.5,0.5,False,False
Dortmund,Paris,0.5,0.5,False,False
Dortmund,Porto,0.5,0.5,False,False
Dortmund,Rome,0.5,0.5,False,False
Dortmund,Rotterdam,0.5,0.5,False,False
Dortmund,Seville,0.5,0.5,False,False
Dortmund,Strasbourg,0.5,0.5,False,False
Dortmund,Stuttgart,0.5,0.5,False,False
Dortmund,The Hague,0.5,0.5,False,False
Dortmund,Toulouse,0.5,0.5,False,False
Dortmund,Turin,0.5,0.5,False,False
Dortmund,Utrecht,0.0,1.0,False,True
Dortmund,Valencia,0.5,0.5,False,False
Dortmund,Venice,0.5,0.5,False,False
Dortmund,Vienna,0.5,0.5,False,False
Dortmund,Zurich,0.5,0.5,False,False
Dresden,Duisburg,0.5,0.5,False,False
Dresden,Dusseldorf,0.5,0.5,False,False
Dresden,Essen,0.5,0.5,False,False
Dresden,Frankfurt,0.5,0.5,False,False
Dresden,Geneva,0.5,0.5,False,False
Dresden,Genoa,0.5,0.5,False,False
Dresden,Granada,0.5,0.5,False,False
Dresden,Hamburg,0.5,0.5,False,False
Dresden,Hannover,0.5,0.5,False,False
Dresden,Leipzig,0.0,1.0,False,True
Dresden,Liege,0.5,0.5,False,False
Dresden,Lille,0.5,0.5,False,False
Dresden,Lisbon,0.5,0.5,False,False
Dresden,London,0.5,0.5,False,False
Dresden,Lyon,0.5,0.5,False,False
Dresden,Madrid,0.5,0.5,False,False
Dresden,Malaga,0.5,0.5,False,False
Dresden,Marseille,0.5,0.5,False,False
Dresden,Milan,0.5,0.5,False,False
Dresden,Munich,0.5,0.5,False,False
Dresden,Murcia,0.5,0.5,False,False
Dresden,Nantes,0.5,0.5,False,False
Dresden,Naples,0.5,0.5,False,False
Dresden,Nice,0.5,0.5,False,False
Dresden,Nuremberg,0.5,0.5,False,False
Dresden,Palermo,0.5,0.5,False,False
Dresden,Palma,0.5,0.5,False,False
Dresden,Paris,0.5,0.5,False,False
Dresden,Porto,0.5,0.5,False,False
Dresden,Rome,0.5,0.5,False,False
Dresden,Rotterdam,0.5,0.5,False,False
Dresden,Seville,0.5,0.5,False,False
Dresden,Strasbourg,0.5,0.5,False,False
Dresden,Stuttgart,0.5,0.5,False,False
Dresden,The Hague,0.5,0.5,False,False
Dresden,Toulouse,0.5,0.5,False,False
Dresden,Turin,0.5,0.5,False,False
Dresden,Utrecht,0.5,0.5,False,False
Dresden,Valencia,0.5,0.5,False,False
Dresden,Venice,0.5,0.5,False,False
Dresden,Vienna,0.5,0.5,False,False
Dresden,Zurich,0.5,0.5,False,False
Duisburg,Dusseldorf,0.0,1.0,False,True
Duisburg,Essen,0.0,1.0,False,True
Duisburg,Frankfurt,0.5,0.5,False,False
Duisburg,Geneva,0.5,0.5,False,False
Duisburg,Genoa,0.5,0.5,False,False
Duisburg,Granada,0.5,0.5,False,False
Duisburg,Hamburg,0.5,0.5,False,False
Duisburg,Hannover,0.5,0.5,False,False
Duisburg,Leipzig,0.5,0.5,False,False
Duisburg,Liege,0.5,0.5,False,False
Duisburg,Lille,0.5,0.5,False,False
Duisburg,Lisbon,0.5,0.5,False,False
Duisburg,London,0.5,0.5,False,False
Duisburg,Lyon,0.5,0.5,False,False
Duisburg,Madrid,0.5,0.5,False,False
Duisburg,Malaga,0.5,0.5,False,False
Duisburg,Marseille,0.5,0.5,False,False
Duisburg,Milan,0.5,0.5,False,False
Duisburg,Munich,0.5,0.5,False,False
Duisburg,Murcia,0.5,0.5,False,False
Duisburg,Nantes,0.5,0.5,False,False
Duisburg,Naples,0.5,0.5,False,False
Duisburg,Nice,0.5,0.5,False,False
Duisburg,Nuremberg,0.0,1.0,False,True
Duisburg,Palermo,0.5,0.5,False,False
Duisburg,Palma,0.5,0.5,False,False
Duisburg,Paris,0.5,0.5,False,False
Duisburg,Porto,0.5,0.5,False,False
Duisburg,Rome,0.5,0.5,False,False
Duisburg,Rotterdam,0.5,0.5,False,False
Duisburg,Seville,0.5,0.5,False,False
Duisburg,Strasbourg,0.5,0.5,False,False
Duisburg,Stuttgart,0.5,0.5,False,False
Duisburg,The Hague,0.5,0.5,False,False
Duisburg,Toulouse,0.5,0.5,False,False
Duisburg,Turin,0.5,0.5,False,False
Duisburg,Utrecht,0.0,1.0,False,True
Duisburg,Valencia,0.5,0.5,False,False
Duisburg,Venice,0.5,0.5,False,False
Duisburg,Vienna,0.5,0.5,False,False
Duisburg,Zurich,0.5,0.5,False,False
Dusseldorf,Essen,0.0,1.0,False,True
Dusseldorf,Frankfurt,0.0,1.0,False,True
Dusseldorf,Geneva,0.5,0.5,False,False
Dusseldorf,Genoa,0.5,0.5,False,False
Dusseldorf,Granada,0.5,0.5,False,False
Dusseldorf,Hamburg,0.5,0.5,False,False
Dusseldorf,Hannover,0.5,0.5,False,False
Dusseldorf,Leipzig,0.5,0.5,False,False
Dusseldorf,Liege,0.0,1.0,False,True
Dusseldorf,Lille,0.5,0.5,False,False
Dusseldorf,Lisbon,0.5,0.5,False,False
Dusseldorf,London,0.5,0.5,False,False
Dusseldorf,Lyon,0.5,0.5,False,False
Dusseldorf,Madrid,0.5,0.5,False,False
Dusseldorf,Malaga,0.5,0.5,False,False
Dusseldorf,Marseille,0.5,0.5,False,False
Dusseldorf,Milan,0.5,0.5,False,False
Dusseldorf,Munich,0.5,0.5,False,False
Dusseldorf,Murcia,0.5,0.5,False,False
Dusseldorf,Nantes,0.5,0.5,False,False
Dusseldorf,Naples,0.5,0.5,False,False
Dusseldorf,Nice,0.5,0.5,False,False
Dusseldorf,Nuremberg,0.5,0.5,False,False
Dusseldorf,Palermo,0.5,0.5,False,False
Dusseldorf,Palma,0.5,0.5,False,False
Dusseldorf,Paris,0.5,0.5,False,False
Dusseldorf,Porto,0.5,0.5,False,False
Dusseldorf,Rome,0.5,0.5,False,False
Dusseldorf,Rotterdam,0.5,0.5,False,False
Dusseldorf,Seville,0.5,0.5,False,False
Dusseldorf,Strasbourg,0.5,0.5,False,False
Dusseldorf,Stuttgart,0.5,0.5,False,False
Dusseldorf,The Hague,0.5,0.5,False,False
Dusseldorf,Toulouse,0.5,0.5,False,False
Dusseldorf,Turin,0.5,0.5,False,False
Dusseldorf,Utrecht,0.0,1.0,False,True
Dusseldorf,Valencia,0.5,0.5,False,False
Dusseldorf,Venice,0.5,0.5,False,False
Dusseldorf,Vienna,0.5,0.5,False,False
Dusseldorf,Zurich,0.5,0.5,False,False
Essen,Frankfurt,0.5,0.5,False,False
Essen,Geneva,0.5,0.5,False,False
Essen,Genoa,0.5,0.5,False,False
Essen,Granada,0.5,0.5,False,False
Essen,Hamburg,0.0,1.0,False,True
Essen,Hannover,0.0,1.0,False,True
Essen,Leipzig,0.5,0.5,False,False
Essen,Liege,0.5,0.5,False,False
Essen,Lille,0.5,0.5,False,False
Essen,Lisbon,0.5,0.5,False,False
Essen,London,0.5,0.5,False,False
Essen,Lyon,0.5,0.5,False,False
Essen,Madrid,0.5,0.5,False,False
Essen,Malaga,0.5,0.5,False,False
Essen,Marseille,0.5,0.5,False,False
Essen,Milan,0.5,0.5,False,False
Essen,Munich,0.5,0.5,False,False
Essen,Murcia,0.5,0.5,False,False
Essen,Nantes,0.5,0.5,False,False
Essen,Naples,0.5,0.5,False,False
Essen,Nice,0.5,0.5,False,False
Essen,Nuremberg,0.5,0.5,False,False
Essen,Palermo,0.5,0.5,False,False
Essen,Palma,0.5,0.5,False,False
Essen,Paris,0.5,0.5,False,False
Essen,Porto,0.5,0.5,False,False
Essen,Rome,0.5,0.5,False,False
Essen,Rotterdam,0.5,0.5,False,False
Essen,Seville,0.5,0.5,False,False
Essen,Strasbourg,0.5,0.5,False,False
Essen,Stuttgart,0.5,0.5,False,False
Essen,The Hague,0.5,0.5,False,False
Essen,Toulouse,0.5,0.5,False,False
Essen,Turin,0.5,0.5,False,False
Essen,Utrecht,0.5,0.5,False,False
Essen,Valencia,0.5,0.5,False,False
Essen,Venice,0.5,0.5,False,False
Essen,Vienna,0.5,0.5,False,False
Essen,Zurich,0.5,0.5,False,False
Frankfurt,Geneva,1.0,0.0,True,False
Frankfurt,Genoa,0.5,0.5,False,False
Frankfurt,Granada,0.5,0.5,False,False
Frankfurt,Hamburg,1.0,0.0,True,False
Frankfurt,Hannover,0.0,1.0,False,True
Frankfurt,Leipzig,0.0,1.0,False,True
Frankfurt,Liege,0.5,0.5,False,False
Frankfurt,Lille,0.5,0.5,False,False
Frankfurt,Lisbon,1.0,0.0,True,False
Frankfurt,London,1.0,0.0,True,False
Frankfurt,Lyon,1.0,0.0,True,False
Frankfurt,Madrid,1.0,0.0,True,False
Frankfurt,Malaga,0.5,0.5,False,False
Frankfurt,Marseille,1.0,0.0,True,False
Frankfurt,Milan,1.0,0.0,True,False
Frankfurt,Munich,0.6161081489257857,0.3838918510742143,True,True
Frankfurt,Murcia,0.5,0.5,False,False
Frankfurt,Nantes,0.5,0.5,False,False
Frankfurt,Naples,0.5,0.5,False,False
Frankfurt,Nice,0.5,0.5,False,False
Frankfurt,Nuremberg,0.0,1.0,False,True
Frankfurt,Palermo,1.0,0.0,True,False
Frankfurt,Palma,1.0,0.0,True,False
Frankfurt,Paris,0.6680995946014656,0.3319004053985344,True,True
Frankfurt,Porto,1.0,0.0,True,False
Frankfurt,Rome,1.0,0.0,True,False
Frankfurt,Rotterdam,0.5,0.5,False,False
Frankfurt,Seville,1.0,0.0,True,False
Frankfurt,Strasbourg,0.3605834635416585,0.6394165364583415,True,True
Frankfurt,Stuttgart,0.20407540811204958,0.7959245918879504,True,True
Frankfurt,The Hague,0.5,0.5,False,False
Frankfurt,Toulouse,1.0,0.0,True,False
Frankfurt,Turin,1.0,0.0,True,False
Frankfurt,Utrecht,0.5,0.5,False,False
Frankfurt,Valencia,0.5,0.5,False,False
Frankfurt,Venice,1.0,0.0,True,False
Frankfurt,Vienna,1.0,0.0,True,False
Frankfurt,Zurich,0.7248490558304281,0.27515094416957186,True,True
Geneva,Genoa,0.5,0.5,False,False
Geneva,Granada,0.5,0.5,False,False
Geneva,Hamburg,1.0,0.0,True,False
Geneva,Hannover,0.5,0.5,False,False
Geneva,Leipzig,0.5,0.5,False,False
Geneva,Liege,0.5,0.5,False,False
Geneva,Lille,0.5,0.5,False,False
Geneva,Lisbon,1.0,0.0,True,False
Geneva,London,1.0,0.0,True,False
Geneva,Lyon,0.0,1.0,False,True
Geneva,Madrid,1.0,0.0,True,False
Geneva,Malaga,0.5,0.5,False,False
Geneva,Marseille,1.0,0.0,True,False
Geneva,Milan,0.5436003020005723,0.4563996979994277,True,True
Geneva,Munich,1.0,0.0,True,False
Geneva,Murcia,0.5,0.5,False,False
Geneva,Nantes,0.5,0.5,False,False
Geneva,Naples,0.5,0.5,False,False
Geneva,Nice,0.5,0.5,False,False
Geneva,Nuremberg,0.5,0.5,False,False
Geneva,Palermo,0.5,0.5,False,False
Geneva,Palma,1.0,0.0,True,False
Geneva,Paris,0.427643459385439,0.572356540614561,True,True
Geneva,Porto,1.0,0.0,True,False
Geneva,Rome,1.0,0.0,True,False
Geneva,Rotterdam,1.0,0.0,True,False
Geneva,Seville,1.0,0.0,True,False
Geneva,Strasbourg,1.0,0.0,True,False
Geneva,Stuttgart,1.0,0.0,True,False
Geneva,The Hague,0.5,0.5,False,False
Geneva,Toulouse,1.0,0.0,True,False
Geneva,Turin,1.0,0.0,True,False
Geneva,Utrecht,0.5,0.5,False,False
Geneva,Valencia,0.5,0.5,False,False
Geneva,Venice,1.0,0.0,True,False
Geneva,Vienna,1.0,0.0,True,False
Geneva,Zurich,0.348016818712929,0.651983181287071,True,True
Genoa,Granada,0.5,0.5,False,False
Genoa,Hamburg,0.5,0.5,False,False
Genoa,Hannover,0.5,0.5,False,False
Genoa,Leipzig,0.5,0.5,False,False
Genoa,Liege,0.5,0.5,False,False
Genoa,Lille,0.5,0.5,False,False
Genoa,Lisbon,0.5,0.5,False,False
Genoa,London,0.5,0.5,False,False
Genoa,Lyon,0.5,0.5,False,False
Genoa,Madrid,0.5,0.5,False,False
Genoa,Malaga,0.5,0.5,False,False
Genoa,Marseille,0.5,0.5,False,False
Genoa,Milan,0.0,1.0,False,True
Genoa,Munich,0.5,0.5,False,False
Genoa,Murcia,0.5,0.5,False,False
Genoa,Nantes,0.5,0.5,False,False
Genoa,Naples,0.5,0.5,False,False
Genoa,Nice,0.0,1.0,False,True
Genoa,Nuremberg,0.5,0.5,False,False
Genoa,Palermo,0.5,0.5,False,False
Genoa,Palma,0.5,0.5,False,False
Genoa,Paris,0.5,0.5,False,False
Genoa,Porto,0.5,0.5,False,False
Genoa,Rome,0.0,1.0,False,True
Genoa,Rotterdam,0.5,0.5,False,False
Genoa,Seville,0.5,0.5,False,False
Genoa,Strasbourg,0.5,0.5,False,False
Genoa,Stuttgart,0.5,0.5,False,False
Genoa,The Hague,0.5,0.5,False,False
Genoa,Toulouse,0.5,0.5,False,False
Genoa,Turin,0.0,1.0,False,True
Genoa,Utrecht,0.5,0.5,False,False
Genoa,Valencia,0.5,0.5,False,False
Genoa,Venice,0.5,0.5,False,False
Genoa,Vienna,0.5,0.5,False,False
Genoa,Zurich,0.5,0.5,False,False
Granada,Hamburg,0.5,0.5,False,False
Granada,Hannover,0.5,0.5,False,False
Granada,Leipzig,0.5,0.5,False,False
Granada,Liege,0.5,0.5,False,False
Granada,Lille,0.5,0.5,False,False
Granada,Lisbon,0.5,0.5,False,False
Granada,London,0.5,0.5,False,False
Granada,Lyon,0.5,0.5,False,False
Granada,Madrid,0.0,1.0,False,True
Granada,Malaga,0.5,0.5,False,True
Granada,Marseille,0.5,0.5,False,False
Granada,Milan,0.5,0.5,False,False
Granada,Munich,0.5,0.5,False,False
Granada,Murcia,0.5,0.5,False,False
Granada,Nantes,0.5,0.5,False,False
Granada,Naples,0.5,0.5,False,False
Granada,Nice,0.5,0.5,False,False
Granada,Nuremberg,0.5,0.5,False,False
Granada,Palermo,0.5,0.5,False,False
Granada,Palma,0.5,0.5,False,False
Granada,Paris,0.5,0.5,False,False
Granada,Porto,0.5,0.5,False,False
Granada,Rome,0.5,0.5,False,False
Granada,Rotterdam,0.5,0.5,False,False
Granada,Seville,0.0,1.0,False,True
Granada,Strasbourg,0.5,0.5,False,False
Granada,Stuttgart,0.5,0.5,False,False
Granada,The Hague,0.5,0.5,False,False
Granada,Toulouse,0.5,0.5,False,False
Granada,Turin,0.5,0.5,False,False
Granada,Utrecht,0.5,0.5,False,False
Granada,Valencia,0.5,0.5,False,False
Granada,Venice,0.5,0.5,False,False
Granada,Vienna,0.5,0.5,False,False
Granada,Zurich,0.5,0.5,False,False
Hamburg,Hannover,0.0,1.0,False,True
Hamburg,Leipzig,0.5,0.5,False,False
Hamburg,Liege,0.5,0.5,False,False
Hamburg,Lille,0.5,0.5,False,False
Hamburg,Lisbon,1.0,0.0,True,False
Hamburg,London,1.0,0.0,True,False
Hamburg,Lyon,0.5,0.5,False,False
Hamburg,Madrid,1.0,0.0,True,False
Hamburg,Malaga,0.5,0.5,False,False
Hamburg,Marseille,0.5,0.5,False,False
Hamburg,Milan,1.0,0.0,True,False
Hamburg,Munich,0.42388791271908616,0.5761120872809138,True,True
Hamburg,Murcia,0.5,0.5,False,False
Hamburg,Nantes,0.5,0.5,False,False
Hamburg,Naples,0.5,0.5,False,False
Hamburg,Nice,0.5,0.5,False,False
Hamburg,Nuremberg,0.0,1.0,False,True
Hamburg,Palermo,0.5,0.5,False,False
Hamburg,Palma,1.0,0.0,True,False
Hamburg,Paris,1.0,0.0,True,False
Hamburg,Porto,1.0,0.0,True,False
Hamburg,Rome,1.0,0.0,True,False
Hamburg,Rotterdam,1.0,0.0,True,False
Hamburg,Seville,0.5,0.5,False,False
Hamburg,Strasbourg,1.0,0.0,True,False
Hamburg,Stuttgart,1.0,0.0,True,False
Hamburg,The Hague,0.5,0.5,False,False
Hamburg,Toulouse,0.5,0.5,False,False
Hamburg,Turin,0.5,0.5,False,False
Hamburg,Utrecht,0.0,1.0,False,True
Hamburg,Valencia,0.5,0.5,False,False
Hamburg,Venice,1.0,0.0,True,False
Hamburg,Vienna,1.0,0.0,True,False
Hamburg,Zurich,0.5255686200080248,0.47443137999197516,True,True
Hannover,Leipzig,0.0,1.0,False,True
Hannover,Liege,0.5,0.5,False,False
Hannover,Lille,0.5,0.5,False,False
Hannover,Lisbon,0.5,0.5,False,False
Hannover,London,0.5,0.5,False,False
Hannover,Lyon,0.5,0.5,False,False
Hannover,Madrid,0.5,0.5,False,False
Hannover,Malaga,0.5,0.5,False,False
Hannover,Marseille,0.5,0.5,False,False
Hannover,Milan,0.5,0.5,False,False
Hannover,Munich,0.0,1.0,False,True
Hannover,Murcia,0.5,0.5,False,False
Hannover,Nantes,0.5,0.5,False,False
Hannover,Naples,0.5,0.5,False,False
Hannover,Nice,0.5,0.5,False,False
Hannover,Nuremberg,0.0,1.0,False,True
Hannover,Palermo,0.5,0.5,False,False
Hannover,Palma,0.5,0.5,False,False
Hannover,Paris,0.5,0.5,False,False
Hannover,Porto,0.5,0.5,False,False
Hannover,Rome,0.5,0.5,False,False
Hannover,Rotterdam,0.5,0.5,False,False
Hannover,Seville,0.5,0.5,False,False
Hannover,Strasbourg,0.0,1.0,False,True
Hannover,Stuttgart,0.5,0.5,False,False
Hannover,The Hague,0.5,0.5,False,False
Hannover,Toulouse,0.5,0.5,False,False
Hannover,Turin,0.5,0.5,False,False
Hannover,Utrecht,0.0,1.0,False,True
Hannover,Valencia,0.5,0.5,False,False
Hannover,Venice,0.5,0.5,False,False
Hannover,Vienna,0.5,0.5,False,False
Hannover,Zurich,0.0,1.0,False,True
Leipzig,Liege,0.5,0.5,False,False
Leipzig,Lille,0.5,0.5,False,False
Leipzig,Lisbon,0.5,0.5,False,False
Leipzig,London,0.5,0.5,False,False
Leipzig,Lyon,0.5,0.5,False,False
Leipzig,Madrid,0.5,0.5,False,False
Leipzig,Malaga,0.5,0.5,False,False
Leipzig,Marseille,0.5,0.5,False,False
Leipzig,Milan,0.5,0.5,False,False
Leipzig,Munich,0.0,1.0,False,True
Leipzig,Murcia,0.5,0.5,False,False
Leipzig,Nantes,0.5,0.5,False,False
Leipzig,Naples,0.5,0.5,False,False
Leipzig,Nice,0.5,0.5,False,False
Leipzig,Nuremberg,0.0,1.0,False,True
Leipzig,Palermo,0.5,0.5,False,False
Leipzig,Palma,0.5,0.5,False,False
Leipzig,Paris,0.5,0.5,False,False
Leipzig,Porto,0.5,0.5,False,False
Leipzig,Rome,0.5,0.5,False,False
Leipzig,Rotterdam,0.5,0.5,False,False
Leipzig,Seville,0.5,0.5,False,False
Leipzig,Strasbourg,0.0,1.0,False,True
Leipzig,Stuttgart,0.5,0.5,False,False
Leipzig,The Hague,0.5,0.5,False,False
Leipzig,Toulouse,0.5,0.5,False,False
Leipzig,Turin,0.5,0.5,False,False
Leipzig,Utrecht,0.5,0.5,False,False
Leipzig,Valencia,0.5,0.5,False,False
Leipzig,Venice,0.5,0.5,False,False
Leipzig,Vienna,0.5,0.5,False,False
Leipzig,Zurich,0.0,1.0,False,True
Liege,Lille,0.5,0.5,False,False
Liege,Lisbon,0.5,0.5,False,False
Liege,London,0.5,0.5,False,False
Liege,Lyon,0.5,0.5,False,False
Liege,Madrid,0.5,0.5,False,False
Liege,Malaga,0.5,0.5,False,False
Liege,Marseille,0.5,0.5,False,False
Liege,Milan,0.5,0.5,False,False
Liege,Munich,0.5,0.5,False,False
Liege,Murcia,0.5,0.5,False,False
Liege,Nantes,0.5,0.5,False,False
Liege,Naples,0.5,0.5,False,False
Liege,Nice,0.5,0.5,False,False
Liege,Nuremberg,0.5,0.5,False,False
Liege,Palermo,0.5,0.5,False,False
Liege,Palma,0.5,0.5,False,False
Liege,Paris,0.5,0.5,False,False
Liege,Porto,0.5,0.5,False,False
Liege,Rome,0.5,0.5,False,False
Liege,Rotterdam,0.5,0.5,False,False
Liege,Seville,0.5,0.5,False,False
Liege,Strasbourg,0.5,0.5,False,False
Liege,Stuttgart,0.5,0.5,False,False
Liege,The Hague,0.5,0.5,False,False
Liege,Toulouse,0.5,0.5,False,False
Liege,Turin,0.5,0.5,False,False
Liege,Utrecht,0.0,1.0,False,True
Liege,Valencia,0.5,0.5,False,False
Liege,Venice,0.5,0.5,False,False
Liege,Vienna,0.5,0.5,False,False
Liege,Zurich,0.5,0.5,False,False
Lille,Lisbon,0.5,0.5,False,False
Lille,London,0.0,1.0,False,True
Lille,Lyon,0.5,0.5,False,False
Lille,Madrid,0.5,0.5,False,False
Lille,Malaga,0.5,0.5,False,False
Lille,Marseille,0.5,0.5,False,False
Lille,Milan,0.5,0.5,False,False
Lille,Munich,0.5,0.5,False,False
Lille,Murcia,0.5,0.5,False,False
Lille,Nantes,0.5,0.5,False,False
Lille,Naples,0.5,0.5,False,False
Lille,Nice,0.5,0.5,False,False
Lille,Nuremberg,0.5,0.5,False,False
Lille,Palermo,0.5,0.5,False,False
Lille,Palma,0.5,0.5,False,False
Lille,Paris,0.0,1.0,False,True
Lille,Porto,0.5,0.5,False,False
Lille,Rome,0.5,0.5,False,False
Lille,Rotterdam,0.5,0.5,False,False
Lille,Seville,0.5,0.5,False,False
Lille,Strasbourg,0.5,0.5,False,False
Lille,Stuttgart,0.5,0.5,False,False
Lille,The Hague,0.5,0.5,False,False
Lille,Toulouse,0.5,0.5,False,False
Lille,Turin,0.5,0.5,False,False
Lille,Utrecht,0.5,0.5,False,False
Lille,Valencia,0.5,0.5,False,False
Lille,Venice,0.5,0.5,False,False
Lille,Vienna,0.5,0.5,False,False
Lille,Zurich,0.5,0.5,False,False
Lisbon,London,1.0,0.0,True,False
Lisbon,Lyon,1.0,0.0,True,False
Lisbon,Madrid,1.0,0.0,True,False
Lisbon,Malaga,0.5,0.5,False,False
Lisbon,Marseille,1.0,0.0,True,False
Lisbon,Milan,1.0,0.0,True,False
Lisbon,Munich,1.0,0.0,True,False
Lisbon,Murcia,0.5,0.5,False,False
Lisbon,Nantes,0.5,0.5,False,False
Lisbon,Naples,0.5,0.5,False,False
Lisbon,Nice,0.5,0.5,False,False
Lisbon,Nuremberg,0.5,0.5,False,False
Lisbon,Palermo,0.5,0.5,False,False
Lisbon,Palma,1.0,0.0,True,False
Lisbon,Paris,1.0,0.0,True,False
Lisbon,Porto,0.32115030665933014,0.6788496933406698,True,True
Lisbon,Rome,1.0,0.0,True,False
Lisbon,Rotterdam,1.0,0.0,True,False
Lisbon,Seville,1.0,0.0,True,False
Lisbon,Strasbourg,1.0,0.0,True,False
Lisbon,Stuttgart,1.0,0.0,True,False
Lisbon,The Hague,0.5,0.5,False,False
Lisbon,Toulouse,1.0,0.0,True,False
Lisbon,Turin,0.5,0.5,False,False
Lisbon,Utrecht,0.5,0.5,False,False
Lisbon,Valencia,0.5,0.5,False,False
Lisbon,Venice,1.0,0.0,True,False
Lisbon,Vienna,1.0,0.0,True,False
Lisbon,Zurich,1.0,0.0,True,False
London,Lyon,1.0,0.0,True,False
London,Madrid,1.0,0.0,True,False
London,Malaga,0.5,0.5,False,False
London,Marseille,1.0,0.0,True,False
London,Milan,1.0,0.0,True,False
London,Munich,1.0,0.0,True,False
London,Murcia,0.5,0.5,False,False
London,Nantes,0.5,0.5,False,False
London,Naples,1.0,0.0,True,False
London,Nice,0.5,0.5,False,False
London,Nuremberg,0.5,0.5,False,False
London,Palermo,1.0,0.0,True,False
London,Palma,1.0,0.0,True,False
London,Paris,0.8241076069784072,0.17589239302159276,True,True
London,Porto,1.0,0.0,True,False
London,Rome,1.0,0.0,True,False
London,Rotterdam,1.0,0.0,True,False
London,Seville,1.0,0.0,True,False
London,Strasbourg,1.0,0.0,True,False
London,Stuttgart,1.0,0.0,True,False
London,The Hague,0.5,0.5,False,False
London,Toulouse,1.0,0.0,True,False
London,Turin,1.0,0.0,True,False
London,Utrecht,0.5,0.5,False,False
London,Valencia,0.5,0.5,False,False
London,Venice,1.0,0.0,True,False
London,Vienna,1.0,0.0,True,False
London,Zurich,1.0,0.0,True,False
Lyon,Madrid,1.0,0.0,True,False
Lyon,Malaga,0.5,0.5,False,False
Lyon,Marseille,0.020280057082403137,0.9797199429175969,True,True
Lyon,Milan,1.0,0.0,True,False
Lyon,Munich,1.0,0.0,True,False
Lyon,Murcia,0.5,0.5,False,False
Lyon,Nantes,0.0,1.0,False,True
Lyon,Naples,0.5,0.5,False,False
Lyon,Nice,0.5,0.5,False,False
Lyon,Nuremberg,0.5,0.5,False,False
Lyon,Palermo,0.5,0.5,False,False
Lyon,Palma,1.0,0.0,True,False
Lyon,Paris,0.07026105094286038,0.9297389490571396,True,True
Lyon,Porto,1.0,0.0,True,False
Lyon,Rome,1.0,0.0,True,False
Lyon,Rotterdam,0.5,0.5,False,False
Lyon,Seville,1.0,0.0,True,False
Lyon,Strasbourg,0.026523967486013465,0.9734760325139865,True,True
Lyon,Stuttgart,0.5,0.5,False,False
Lyon,The Hague,0.5,0.5,False,False
Lyon,Toulouse,0.0384308931685886,0.9615691068314114,True,True
Lyon,Turin,0.0,1.0,False,True
Lyon,Utrecht,0.5,0.5,False,False
Lyon,Valencia,0.5,0.5,False,False
Lyon,Venice,1.0,0.0,True,False
Lyon,Vienna,1.0,0.0,True,False
Lyon,Zurich,0.5,0.5,False,False
Madrid,Malaga,0.5,0.5,False,True
Madrid,Marseille,1.0,0.0,True,False
Madrid,Milan,1.0,0.0,True,False
Madrid,Munich,1.0,0.0,True,False
Madrid,Murcia,0.0,1.0,False,True
Madrid,Nantes,0.5,0.5,False,False
Madrid,Naples,0.5,0.5,False,False
Madrid,Nice,0.5,0.5,False,False
Madrid,Nuremberg,0.5,0.5,False,False
Madrid,Palermo,1.0,0.0,True,False
Madrid,Palma,1.0,0.0,True,False
Madrid,Paris,1.0,0.0,True,False
Madrid,Porto,0.5635511115512093,0.4364488884487907,True,True
Madrid,Rome,1.0,0.0,True,False
Madrid,Rotterdam,0.5,0.5,False,False
Madrid,Seville,0.25617270002622144,0.7438272999737785,True,True
Madrid,Strasbourg,1.0,0.0,True,False
Madrid,Stuttgart,1.0,0.0,True,False
Madrid,The Hague,0.5,0.5,False,False
Madrid,Toulouse,1.0,0.0,True,False
Madrid,Turin,1.0,0.0,True,False
Madrid,Utrecht,0.5,0.5,False,False
Madrid,Valencia,0.0,1.0,False,True
Madrid,Venice,1.0,0.0,True,False
Madrid,Vienna,1.0,0.0,True,False
Madrid,Zurich,1.0,0.0,True,False
Malaga,Marseille,0.5,0.5,False,False
Malaga,Milan,0.5,0.5,False,False
Malaga,Munich,0.5,0.5,False,False
Malaga,Murcia,0.5,0.5,False,False
Malaga,Nantes,0.5,0.5,False,False
Malaga,Naples,0.5,0.5,False,False
Malaga,Nice,0.5,0.5,False,False
Malaga,Nuremberg,0.5,0.5,False,False
Malaga,Palermo,0.5,0.5,False,False
Malaga,Palma,0.5,0.5,False,False
Malaga,Paris,0.5,0.5,False,False
Malaga,Porto,0.5,0.5,False,False
Malaga,Rome,0.5,0.5,False,False
Malaga,Rotterdam,0.5,0.5,False,False
Malaga,Seville,0.5,0.5,False,True
Malaga,Strasbourg,0.5,0.5,False,False
Malaga,Stuttgart,0.5,0.5,False,False
Malaga,The Hague,0.5,0.5,False,False
Malaga,Toulouse,0.5,0.5,False,False
Malaga,Turin,0.5,0.5,False,False
Malaga,Utrecht,0.5,0.5,False,False
Malaga,Valencia,0.5,0.5,False,False
Malaga,Venice,0.5,0.5,False,False
Malaga,Vienna,0.5,0.5,False,False
Malaga,Zurich,0.5,0.5,False,False
Marseille,Milan,1.0,0.0,True,False
Marseille,Munich,1.0,0.0,True,False
Marseille,Murcia,0.5,0.5,False,False
Marseille,Nantes,0.5,0.5,False,False
Marseille,Naples,0.5,0.5,False,False
Marseille,Nice,0.0,1.0,False,True
Marseille,Nuremberg,0.5,0.5,False,False
Marseille,Palermo,1.0,0.0,True,False
Marseille,Palma,1.0,0.0,True,False
Marseille,Paris,0.1554194312895011,0.8445805687104989,True,True
Marseille,Porto,1.0,0.0,True,False
Marseille,Rome,1.0,0.0,True,False
Marseille,Rotterdam,0.5,0.5,False,False
Marseille,Seville,1.0,0.0,True,False
Marseille,Strasbourg,1.0,0.0,True,False
Marseille,Stuttgart,0.5,0.5,False,False
Marseille,The Hague,0.5,0.5,False,False
Marseille,Toulouse,0.08983496372520777,0.9101650362747922,True,True
Marseille,Turin,0.5,0.5,False,False
Marseille,Utrecht,0.5,0.5,False,False
Marseille,Valencia,0.5,0.5,False,False
Marseille,Venice,1.0,0.0,True,False
Marseille,Vienna,1.0,0.0,True,False
Marseille,Zurich,1.0,0.0,True,False
Milan,Munich,1.0,0.0,True,False
Milan,Murcia,0.5,0.5,False,False
Milan,Nantes,0.5,0.5,False,False
Milan,Naples,0.015678526965180795,0.9843214730348192,True,True
Milan,Nice,0.5,0.5,False,False
Milan,Nuremberg,0.5,0.5,False,False
Milan,Palermo,1.0,0.0,True,False
Milan,Palma,1.0,0.0,True,False
Milan,Paris,1.0,0.0,True,False
Milan,Porto,1.0,0.0,True,False
Milan,Rome,0.5459765618923733,0.4540234381076267,True,True
Milan,Rotterdam,1.0,0.0,True,False
Milan,Seville,1.0,0.0,True,False
Milan,Strasbourg,1.0,0.0,True,False
Milan,Stuttgart,1.0,0.0,True,False
Milan,The Hague,0.5,0.5,False,False
Milan,Toulouse,1.0,0.0,True,False
Milan,Turin,0.0827012300905313,0.9172987699094687,True,True
Milan,Utrecht,0.5,0.5,False,False
Milan,Valencia,0.5,0.5,False,False
Milan,Venice,0.23725135495947072,0.7627486450405293,True,True
Milan,Vienna,1.0,0.0,True,False
Milan,Zurich,0.5483290963666729,0.45167090363332707,True,True
Munich,Murcia,0.5,0.5,False,False
Munich,Nantes,0.5,0.5,False,False
Munich,Naples,0.5,0.5,False,False
Munich,Nice,0.5,0.5,False,False
Munich,Nuremberg,0.0,1.0,False,True
Munich,Palermo,1.0,0.0,True,False
Munich,Palma,1.0,0.0,True,False
Munich,Paris,1.0,0.0,True,False
Munich,Porto,1.0,0.0,True,False
Munich,Rome,1.0,0.0,True,False
Munich,Rotterdam,0.5,0.5,False,False
Munich,Seville,1.0,0.0,True,False
Munich,Strasbourg,1.0,0.0,True,False
Munich,Stuttgart,0.1555188041823204,0.8444811958176797,True,True
Munich,The Hague,0.5,0.5,False,False
Munich,Toulouse,1.0,0.0,True,False
Munich,Turin,1.0,0.0,True,False
Munich,Utrecht,0.5,0.5,False,False
Munich,Valencia,0.5,0.5,False,False
Munich,Venice,0.48291588546856584,0.5170841145314342,True,True
Munich,Vienna,0.6543852055739138,0.3456147944260862,True,True
Munich,Zurich,1.0,0.0,True,False
Murcia,Nantes,0.5,0.5,False,False
Murcia,Naples,0.5,0.5,False,False
Murcia,Nice,0.5,0.5,False,False
Murcia,Nuremberg,0.5,0.5,False,False
Murcia,Palermo,0.5,0.5,False,False
Murcia,Palma,0.5,0.5,False,False
Murcia,Paris,0.5,0.5,False,False
Murcia,Porto,0.5,0.5,False,False
Murcia,Rome,0.5,0.5,False,False
Murcia,Rotterdam,0.5,0.5,False,False
Murcia,Seville,0.5,0.5,False,False
Murcia,Strasbourg,0.5,0.5,False,False
Murcia,Stuttgart,0.5,0.5,False,False
Murcia,The Hague,0.5,0.5,False,False
Murcia,Toulouse,0.5,0.5,False,False
Murcia,Turin,0.5,0.5,False,False
Murcia,Utrecht,0.5,0.5,False,False
Murcia,Valencia,0.0,1.0,False,True
Murcia,Venice,0.5,0.5,False,False
Murcia,Vienna,0.5,0.5,False,False
Murcia,Zurich,0.5,0.5,False,False
Nantes,Naples,0.5,0.5,False,False
Nantes,Nice,0.5,0.5,False,False
Nantes,Nuremberg,0.5,0.5,False,False
Nantes,Palermo,0.5,0.5,False,False
Nantes,Palma,0.5,0.5,False,False
Nantes,Paris,0.0,1.0,False,True
Nantes,Porto,0.5,0.5,False,False
Nantes,Rome,0.5,0.5,False,False
Nantes,Rotterdam,0.5,0.5,False,False
Nantes,Seville,0.5,0.5,False,False
Nantes,Strasbourg,0.0,1.0,False,True
Nantes,Stuttgart,0.5,0.5,False,False
Nantes,The Hague,0.5,0.5,False,False
Nantes,Toulouse,0.5,0.5,False,False
Nantes,Turin,0.5,0.5,False,False
Nantes,Utrecht,0.5,0.5,False,False
Nantes,Valencia,0.5,0.5,False,False
Nantes,Venice,0.5,0.5,False,False
Nantes,Vienna,0.5,0.5,False,False
Nantes,Zurich,0.5,0.5,False,False
Naples,Nice,0.5,0.5,False,False
Naples,Nuremberg,0.5,0.5,False,False
Naples,Palermo,0.0,1.0,False,True
Naples,Palma,0.5,0.5,False,False
Naples,Paris,1.0,0.0,True,False
Naples,Porto,0.5,0.5,False,False
Naples,Rome,0.0,1.0,False,True
Naples,Rotterdam,0.5,0.5,False,False
Naples,Seville,0.5,0.5,False,False
Naples,Strasbourg,0.5,0.5,False,False
Naples,Stuttgart,0.5,0.5,False,False
Naples,The Hague,0.5,0.5,False,False
Naples,Toulouse,0.5,0.5,False,False
Naples,Turin,0.5,0.5,False,False
Naples,Utrecht,0.5,0.5,False,False
Naples,Valencia,0.5,0.5,False,False
Naples,Venice,0.5,0.5,False,False
Naples,Vienna,0.5,0.5,False,False
Naples,Zurich,0.5,0.5,False,False
Nice,Nuremberg,0.5,0.5,False,False
Nice,Palermo,0.5,0.5,False,False
Nice,Palma,0.5,0.5,False,False
Nice,Paris,0.0,1.0,False,True
Nice,Porto,0.5,0.5,False,False
Nice,Rome,0.5,0.5,False,False
Nice,Rotterdam,0.5,0.5,False,False
Nice,Seville,0.5,0.5,False,False
Nice,Strasbourg,0.5,0.5,False,False
Nice,Stuttgart,0.5,0.5,False,False
Nice,The Hague,0.5,0.5,False,False
Nice,Toulouse,0.5,0.5,False,False
Nice,Turin,0.5,0.5,False,False
Nice,Utrecht,0.5,0.5,False,False
Nice,Valencia,0.5,0.5,False,False
Nice,Venice,0.5,0.5,False,False
Nice,Vienna,0.5,0.5,False,False
Nice,Zurich,0.5,0.5,False,False
Nuremberg,Palermo,0.5,0.5,False,False
Nuremberg,Palma,0.5,0.5,False,False
Nuremberg,Paris,0.5,0.5,False,False
Nuremberg,Porto,0.5,0.5,False,False
Nuremberg,Rome,0.5,0.5,False,False
Nuremberg,Rotterdam,0.5,0.5,False,False
Nuremberg,Seville,0.5,0.5,False,False
Nuremberg,Strasbourg,0.5,0.5,False,False
Nuremberg,Stuttgart,0.0,1.0,False,True
Nuremberg,The Hague,0.5,0.5,False,False
Nuremberg,Toulouse,0.5,0.5,False,False
Nuremberg,Turin,0.5,0.5,False,False
Nuremberg,Utrecht,0.0,1.0,False,True
Nuremberg,Valencia,0.5,0.5,False,False
Nuremberg,Venice,0.5,0.5,False,False
Nuremberg,Vienna,0.0,1.0,False,True
Nuremberg,Zurich,0.5,0.5,False,False
Palermo,Palma,0.5,0.5,False,False
Palermo,Paris,1.0,0.0,True,False
Palermo,Porto,0.5,0.5,False,False
Palermo,Rome,1.0,0.0,True,False
Palermo,Rotterdam,0.5,0.5,False,False
Palermo,Seville,0.5,0.5,False,False
Palermo,Strasbourg,1.0,0.0,True,False
Palermo,Stuttgart,0.5,0.5,False,False
Palermo,The Hague,0.5,0.5,False,False
Palermo,Toulouse,0.5,0.5,False,False
Palermo,Turin,1.0,0.0,True,False
Palermo,Utrecht,0.5,0.5,False,False
Palermo,Valencia,0.5,0.5,False,False
Palermo,Venice,1.0,0.0,True,False
Palermo,Vienna,1.0,0.0,True,False
Palermo,Zurich,1.0,0.0,True,False
Palma,Paris,1.0,0.0,True,False
Palma,Porto,1.0,0.0,True,False
Palma,Rome,1.0,0.0,True,False
Palma,Rotterdam,1.0,0.0,True,False
Palma,Seville,1.0,0.0,True,False
Palma,Strasbourg,1.0,0.0,True,False
Palma,Stuttgart,1.0,0.0,True,False
Palma,The Hague,0.5,0.5,False,False
Palma,Toulouse,1.0,0.0,True,False
Palma,Turin,0.5,0.5,False,False
Palma,Utrecht,0.5,0.5,False,False
Palma,Valencia,0.5,0.5,False,False
Palma,Venice,1.0,0.0,True,False
Palma,Vienna,1.0,0.0,True,False
Palma,Zurich,1.0,0.0,True,False
Paris,Porto,1.0,0.0,True,False
Paris,Rome,1.0,0.0,True,False
Paris,Rotterdam,0.5,0.5,False,False
Paris,Seville,1.0,0.0,True,False
Paris,Strasbourg,0.12452551591579324,0.8754744840842068,True,True
Paris,Stuttgart,1.0,0.0,True,False
Paris,The Hague,0.5,0.5,False,False
Paris,Toulouse,0.24814461194918436,0.7518553880508156,True,True
Paris,Turin,0.22163893979626342,0.7783610602037365,True,True
Paris,Utrecht,0.5,0.5,False,False
Paris,Valencia,0.5,0.5,False,False
Paris,Venice,1.0,0.0,True,False
Paris,Vienna,1.0,0.0,True,False
Paris,Zurich,0.5632229492138843,0.43677705078611573,True,True
Porto,Rome,1.0,0.0,True,False
Porto,Rotterdam,0.5,0.5,False,False
Porto,Seville,1.0,0.0,True,False
Porto,Strasbourg,1.0,0.0,True,False
Porto,Stuttgart,1.0,0.0,True,False
Porto,The Hague,0.5,0.5,False,False
Porto,Toulouse,1.0,0.0,True,False
Porto,Turin,0.5,0.5,False,False
Porto,Utrecht,0.5,0.5,False,False
Porto,Valencia,0.5,0.5,False,False
Porto,Venice,1.0,0.0,True,False
Porto,Vienna,1.0,0.0,True,False
Porto,Zurich,1.0,0.0,True,False
Rome,Rotterdam,1.0,0.0,True,False
Rome,Seville,1.0,0.0,True,False
Rome,Strasbourg,1.0,0.0,True,False
Rome,Stuttgart,1.0,0.0,True,False
Rome,The Hague,0.5,0.5,False,False
Rome,Toulouse,1.0,0.0,True,False
Rome,Turin,0.17828131052116747,0.8217186894788325,True,True
Rome,Utrecht,0.5,0.5,False,False
Rome,Valencia,0.5,0.5,False,False
Rome,Venice,0.24816170458915734,0.7518382954108427,True,True
Rome,Vienna,1.0,0.0,True,False
Rome,Zurich,1.0,0.0,True,False
Rotterdam,Seville,0.5,0.5,False,False
Rotterdam,Strasbourg,0.5,0.5,False,False
Rotterdam,Stuttgart,0.5,0.5,False,False
Rotterdam,The Hague,0.0,1.0,False,True
Rotterdam,Toulouse,0.5,0.5,False,False
Rotterdam,Turin,0.5,0.5,False,False
Rotterdam,Utrecht,0.0,1.0,False,True
Rotterdam,Valencia,0.5,0.5,False,False
Rotterdam,Venice,0.5,0.5,False,False
Rotterdam,Vienna,1.0,0.0,True,False
Rotterdam,Zurich,1.0,0.0,True,False
Seville,Strasbourg,0.5,0.5,False,False
Seville,Stuttgart,0.5,0.5,False,False
Seville,The Hague,0.5,0.5,False,False
Seville,Toulouse,1.0,0.0,True,False
Seville,Turin,1.0,0.0,True,False
Seville,Utrecht,0.5,0.5,False,False
Seville,Valencia,0.0,1.0,False,True
Seville,Venice,1.0,0.0,True,False
Seville,Vienna,1.0,0.0,True,False
Seville,Zurich,1.0,0.0,True,False
Strasbourg,Stuttgart,0.09141291736359407,0.908587082636406,True,True
Strasbourg,The Hague,0.5,0.5,False,False
Strasbourg,Toulouse,1.0,0.0,True,False
Strasbourg,Turin,0.5,0.5,False,False
Strasbourg,Utrecht,0.5,0.5,False,False
Strasbourg,Valencia,0.5,0.5,False,False
Strasbourg,Venice,1.0,0.0,True,False
Strasbourg,Vienna,1.0,0.0,True,False
Strasbourg,Zurich,0.2968640839106386,0.7031359160893613,True,True
Stuttgart,The Hague,0.5,0.5,False,False
Stuttgart,Toulouse,0.5,0.5,False,False
Stuttgart,Turin,0.5,0.5,False,False
Stuttgart,Utrecht,0.5,0.5,False,False
Stuttgart,Valencia,0.5,0.5,False,False
Stuttgart,Venice,1.0,0.0,True,False
Stuttgart,Vienna,1.0,0.0,True,False
Stuttgart,Zurich,1.0,0.0,True,False
The Hague,Toulouse,0.5,0.5,False,False
The Hague,Turin,0.5,0.5,False,False
The Hague,Utrecht,0.5,0.5,False,False
The Hague,Valencia,0.5,0.5,False,False
The Hague,Venice,0.5,0.5,False,False
The Hague,Vienna,0.5,0.5,False,False
The Hague,Zurich,0.5,0.5,False,False
Toulouse,Turin,0.5,0.5,False,False
Toulouse,Utrecht,0.5,0.5,False,False
Toulouse,Valencia,0.5,0.5,False,False
Toulouse,Venice,1.0,0.0,True,False
Toulouse,Vienna,0.5,0.5,False,False
Toulouse,Zurich,0.5,0.5,False,False
Turin,Utrecht,0.5,0.5,False,False
Turin,Valencia,0.5,0.5,False,False
Turin,Venice,1.0,0.0,True,False
Turin,Vienna,0.5,0.5,False,False
Turin,Zurich,0.5,0.5,False,False
Utrecht,Valencia,0.5,0.5,False,False
Utrecht,Venice,0.5,0.5,False,False
Utrecht,Vienna,0.5,0.5,False,False
Utrecht,Zurich,0.5,0.5,False,False
Valencia,Venice,0.5,0.5,False,False
Valencia,Vienna,0.5,0.5,False,False
Valencia,Zurich,0.5,0.5,False,False
Venice,Vienna,1.0,0.0,True,False
Venice,Zurich,1.0,0.0,True,False
Vienna,Zurich,0.6531043925469855,0.3468956074530145,True,True
