city_a,city_b,air_pax,rail_pax,total_pax,air_share,rail_share,distance_km,has_air,has_rail,rail_time_min,frequency_per_day
Amsterdam,Athens,126874,0,126874,1.0,0.0,,True,False,,
Amsterdam,Barcelona,1195930,0,1195930,1.0,0.0,1238.8,True,False,,
Amsterdam,Bari,66905,0,66905,1.0,0.0,,True,False,,
Amsterdam,Belgrade,181975,0,181975,1.0,0.0,,True,False,,
Amsterdam,Berlin,725928,0,725928,1.0,0.0,577.4,True,False,463.0,0.0
Amsterdam,Birmingham,453124,0,453124,1.0,0.0,,True,False,,
Amsterdam,Brussels,261367,0,261367,1.0,0.0,173.5,True,False,,
Amsterdam,Bucharest,419931,0,419931,1.0,0.0,,True,False,,
Amsterdam,Budapest,355526,0,355526,1.0,0.0,,True,False,,
Amsterdam,Cologne,21652,3870,25522,0.8484,0.1516,214.1,True,True,354.0,0.1
Amsterdam,Copenhagen,974673,0,974673,1.0,0.0,,True,False,,
Amsterdam,Edinburgh,477654,0,477654,1.0,0.0,,True,False,,
Amsterdam,Frankfurt,730344,0,730344,1.0,0.0,364.4,True,False,,
Amsterdam,Geneva,551455,0,551455,1.0,0.0,692.3,True,False,,
Amsterdam,Hamburg,348518,0,348518,1.0,0.0,365.9,True,False,,
Amsterdam,Helsinki,558694,0,558694,1.0,0.0,,True,False,,
Amsterdam,Lisbon,740868,0,740868,1.0,0.0,1863.4,True,False,,
Amsterdam,Ljubljana,31575,0,31575,1.0,0.0,,True,False,,
Amsterdam,London,3074008,0,3074008,1.0,0.0,356.9,True,False,,
Amsterdam,Lyon,74194,0,74194,1.0,0.0,736.7,True,False,,
Amsterdam,Madrid,919464,0,919464,1.0,0.0,1481.5,True,False,,
Amsterdam,Manchester,739751,0,739751,1.0,0.0,,True,False,,
Amsterdam,Marseille,132572,0,132572,1.0,0.0,1010.0,True,False,,
Amsterdam,Milan,1011120,0,1011120,1.0,0.0,829.7,True,False,,
Amsterdam,Munich,692303,0,692303,1.0,0.0,668.7,True,False,,
Amsterdam,Nicosia,57452,0,57452,1.0,0.0,,True,False,,
Amsterdam,Nottingham,36342,0,36342,1.0,0.0,,True,False,,
Amsterdam,Oslo,581306,0,581306,1.0,0.0,,True,False,,
Amsterdam,Palma,299460,0,299460,1.0,0.0,1434.1,True,False,,
Amsterdam,Paris,1052836,0,1052836,1.0,0.0,430.5,True,False,,
Amsterdam,Porto,287990,0,287990,1.0,0.0,1611.9,True,False,,
Amsterdam,Prague,448363,0,448363,1.0,0.0,,True,False,,
Amsterdam,Riga,99696,0,99696,1.0,0.0,,True,False,,
Amsterdam,Rome,723890,0,723890,1.0,0.0,1298.7,True,False,,
Amsterdam,Rotterdam,95287,3562941,3658228,0.026,0.974,57.5,True,True,26.0,104.6
Amsterdam,Seville,125640,0,125640,1.0,0.0,1869.1,True,False,,
Amsterdam,Stockholm,687120,0,687120,1.0,0.0,,True,False,,
Amsterdam,Strasbourg,344071,0,344071,1.0,0.0,467.3,True,False,,
Amsterdam,Stuttgart,246252,0,246252,1.0,0.0,501.0,True,False,,
Amsterdam,Tallinn,74124,0,74124,1.0,0.0,,True,False,,
Amsterdam,The Hague,0,8641664,8641664,0.0,1.0,52.1,False,True,6.0,253.7
Amsterdam,Toulouse,172642,0,172642,1.0,0.0,1008.0,True,False,,
Amsterdam,Turin,50489,0,50489,1.0,0.0,837.5,True,False,,
Amsterdam,Utrecht,0,20004811,20004811,0.0,1.0,35.2,False,True,2.0,454.5
Amsterdam,Venice,327633,0,327633,1.0,0.0,942.8,True,False,,
Amsterdam,Vienna,668912,0,668912,1.0,0.0,936.5,True,False,,
Amsterdam,Vilnius,75227,0,75227,1.0,0.0,,True,False,,
Amsterdam,Warsaw,466220,0,466220,1.0,0.0,,True,False,,
Amsterdam,Zurich,670939,0,670939,1.0,0.0,615.3,True,False,,
Antwerp,Brussels,0,1999471,1999471,0.0,1.0,41.3,False,True,1.0,58.7
Antwerp,Rotterdam,0,2585346,2585346,0.0,1.0,78.3,False,True,27.0,75.89999999999999
Athens,Barcelona,86542,0,86542,1.0,0.0,,True,False,,
Athens,Belgrade,59965,0,59965,1.0,0.0,,True,False,,
Athens,Berlin,71076,0,71076,1.0,0.0,,True,False,,
Athens,Birmingham,9181,0,9181,1.0,0.0,,True,False,,
Athens,Brussels,132564,0,132564,1.0,0.0,,True,False,,
Athens,Bucharest,74576,0,74576,1.0,0.0,,True,False,,
Athens,Budapest,53978,0,53978,1.0,0.0,,True,False,,
Athens,Cologne,25620,0,25620,1.0,0.0,,True,False,,
Athens,Copenhagen,59456,0,59456,1.0,0.0,,True,False,,
Athens,Edinburgh,17395,0,17395,1.0,0.0,,True,False,,
Athens,Frankfurt,157700,0,157700,1.0,0.0,,True,False,,
Athens,Geneva,62310,0,62310,1.0,0.0,,True,False,,
Athens,Hamburg,23548,0,23548,1.0,0.0,,True,False,,
Athens,Helsinki,10639,0,10639,1.0,0.0,,True,False,,
Athens,Lisbon,36126,0,36126,1.0,0.0,,True,False,,
Athens,London,436234,0,436234,1.0,0.0,,True,False,,
Athens,Madrid,79289,0,79289,1.0,0.0,,True,False,,
Athens,Manchester,44027,0,44027,1.0,0.0,,True,False,,
Athens,Marseille,22784,0,22784,1.0,0.0,,True,False,,
Athens,Milan,166630,0,166630,1.0,0.0,,True,False,,
Athens,Munich,197031,0,197031,1.0,0.0,,True,False,,
Athens,Nicosia,199140,0,199140,1.0,0.0,,True,False,,
Athens,Oslo,21409,0,21409,1.0,0.0,,True,False,,
Athens,Paris,314107,0,314107,1.0,0.0,,True,False,,
Athens,Prague,40157,0,40157,1.0,0.0,,True,False,,
Athens,Rome,193529,0,193529,1.0,0.0,,True,False,,
Athens,Stockholm,38923,0,38923,1.0,0.0,,True,False,,
Athens,Strasbourg,13976,0,13976,1.0,0.0,,True,False,,
Athens,Stuttgart,26937,0,26937,1.0,0.0,,True,False,,
Athens,Toulouse,8613,0,8613,1.0,0.0,,True,False,,
Athens,Venice,27754,0,27754,1.0,0.0,,True,False,,
Athens,Vienna,130130,0,130130,1.0,0.0,,True,False,,
Athens,Warsaw,39868,0,39868,1.0,0.0,,True,False,,
Athens,Zurich,142043,0,142043,1.0,0.0,,True,False,,
Barcelona,Bari,54910,0,54910,1.0,0.0,,True,False,,
Barcelona,Belgrade,142541,0,142541,1.0,0.0,,True,False,,
Barcelona,Berlin,405650,0,405650,1.0,0.0,1500.3,True,False,,
Barcelona,Bilbao,0,10587435,10587435,0.0,1.0,466.9,False,True,423.0,145.0
Barcelona,Birmingham,193968,0,193968,1.0,0.0,,True,False,,
Barcelona,Brussels,810120,0,810120,1.0,0.0,1065.4,True,False,,
Barcelona,Bucharest,205404,0,205404,1.0,0.0,,True,False,,
Barcelona,Budapest,275360,0,275360,1.0,0.0,,True,False,,
Barcelona,Cologne,333724,0,333724,1.0,0.0,1123.0,True,False,,
Barcelona,Copenhagen,381141,0,381141,1.0,0.0,,True,False,,
Barcelona,Edinburgh,165251,0,165251,1.0,0.0,,True,False,,
Barcelona,Frankfurt,784109,0,784109,1.0,0.0,1093.5,True,False,,
Barcelona,Geneva,438043,0,438043,1.0,0.0,623.4,True,False,,
Barcelona,Granada,0,73017,73017,0.0,1.0,681.2,False,True,386.0,1.0
Barcelona,Hamburg,202151,0,202151,1.0,0.0,1472.9,True,False,,
Barcelona,Helsinki,174951,0,174951,1.0,0.0,,True,False,,
Barcelona,Lisbon,891440,0,891440,1.0,0.0,1006.1,True,False,,
Barcelona,London,2256391,0,2256391,1.0,0.0,1138.6,True,False,,
Barcelona,Lyon,61002,365084,426086,0.1432,0.8568,531.0,True,True,288.0,5.0
Barcelona,Madrid,1763203,25993977,27757180,0.0635,0.9365,504.2,True,True,181.0,356.0
Barcelona,Malaga,0,146034,146034,0.0,1.0,769.1,False,True,363.0,2.0
Barcelona,Manchester,380484,0,380484,1.0,0.0,,True,False,,
Barcelona,Marseille,110599,3723856,3834455,0.0288,0.9712,339.3,True,True,261.0,51.0
Barcelona,Milan,1251711,0,1251711,1.0,0.0,726.0,True,False,,
Barcelona,Munich,679834,0,679834,1.0,0.0,1054.8,True,False,,
Barcelona,Nottingham,87730,0,87730,1.0,0.0,,True,False,,
Barcelona,Oslo,230161,0,230161,1.0,0.0,,True,False,,
Barcelona,Palermo,23915,0,23915,1.0,0.0,1023.7,True,False,,
Barcelona,Palma,2084891,0,2084891,1.0,0.0,206.5,True,False,,
Barcelona,Paris,1803754,252165,2055919,0.8773,0.1227,830.2,True,True,406.0,2.5
Barcelona,Porto,529018,0,529018,1.0,0.0,899.9,True,False,,
Barcelona,Prague,285541,0,285541,1.0,0.0,,True,False,,
Barcelona,Riga,50175,0,50175,1.0,0.0,,True,False,,
Barcelona,Rome,1112704,0,1112704,1.0,0.0,861.6,True,False,,
Barcelona,Rotterdam,81805,0,81805,1.0,0.0,1184.4,True,False,,
Barcelona,Seville,778569,146034,924603,0.8421,0.1579,828.2,True,True,348.0,2.0
Barcelona,Stockholm,287231,0,287231,1.0,0.0,,True,False,,
Barcelona,Strasbourg,237865,0,237865,1.0,0.0,912.2,True,False,,
Barcelona,Stuttgart,250214,0,250214,1.0,0.0,988.7,True,False,,
Barcelona,Tallinn,30633,0,30633,1.0,0.0,,True,False,,
Barcelona,Toulouse,11377,0,11377,1.0,0.0,253.2,True,False,,
Barcelona,Turin,108720,0,108720,1.0,0.0,606.5,True,False,,
Barcelona,Valencia,0,1898437,1898437,0.0,1.0,302.5,False,True,167.0,26.0
Barcelona,Venice,420805,0,420805,1.0,0.0,936.0,True,False,,
Barcelona,Vienna,537903,0,537903,1.0,0.0,1350.4,True,False,,
Barcelona,Vilnius,67967,0,67967,1.0,0.0,,True,False,,
Barcelona,Warsaw,194296,0,194296,1.0,0.0,,True,False,,
Barcelona,Zurich,579441,0,579441,1.0,0.0,835.9,True,False,,
Bari,Belgrade,7844,0,7844,1.0,0.0,,True,False,,
Bari,Berlin,33421,0,33421,1.0,0.0,,True,False,,
Bari,Brussels,70426,0,70426,1.0,0.0,,True,False,,
Bari,Bucharest,66487,0,66487,1.0,0.0,,True,False,,
Bari,Budapest,110618,0,110618,1.0,0.0,,True,False,,
Bari,Cologne,13038,0,13038,1.0,0.0,,True,False,,
Bari,Edinburgh,16597,0,16597,1.0,0.0,,True,False,,
Bari,Frankfurt,39976,0,39976,1.0,0.0,,True,False,,
Bari,Hamburg,7936,0,7936,1.0,0.0,,True,False,,
Bari,London,178913,0,178913,1.0,0.0,,True,False,,
Bari,Madrid,45582,0,45582,1.0,0.0,,True,False,,
Bari,Marseille,16772,0,16772,1.0,0.0,,True,False,,
Bari,Milan,1083725,0,1083725,1.0,0.0,,True,False,,
Bari,Munich,81217,0,81217,1.0,0.0,,True,False,,
Bari,Palermo,17140,0,17140,1.0,0.0,,True,False,,
Bari,Paris,147314,0,147314,1.0,0.0,,True,False,,
Bari,Porto,23260,0,23260,1.0,0.0,,True,False,,
Bari,Prague,43052,0,43052,1.0,0.0,,True,False,,
Bari,Rome,503816,0,503816,1.0,0.0,,True,False,,
Bari,Seville,22064,0,22064,1.0,0.0,,True,False,,
Bari,Strasbourg,28132,0,28132,1.0,0.0,,True,False,,
Bari,Stuttgart,27008,0,27008,1.0,0.0,,True,False,,
Bari,Turin,119572,0,119572,1.0,0.0,,True,False,,
Bari,Venice,193706,0,193706,1.0,0.0,,True,False,,
Bari,Vienna,66195,0,66195,1.0,0.0,,True,False,,
Bari,Warsaw,36933,0,36933,1.0,0.0,,True,False,,
Bari,Zurich,17802,0,17802,1.0,0.0,,True,False,,
Belgrade,Berlin,88422,0,88422,1.0,0.0,,True,False,,
Belgrade,Brussels,24981,0,24981,1.0,0.0,,True,False,,
Belgrade,Bucharest,60897,0,60897,1.0,0.0,,True,False,,
Belgrade,Budapest,50993,0,50993,1.0,0.0,,True,False,,
Belgrade,Cologne,89659,0,89659,1.0,0.0,,True,False,,
Belgrade,Copenhagen,66979,0,66979,1.0,0.0,,True,False,,
Belgrade,Frankfurt,268054,0,268054,1.0,0.0,,True,False,,
Belgrade,Geneva,57809,0,57809,1.0,0.0,,True,False,,
Belgrade,Hamburg,54856,0,54856,1.0,0.0,,True,False,,
Belgrade,Lisbon,15323,0,15323,1.0,0.0,,True,False,,
Belgrade,Ljubljana,90770,0,90770,1.0,0.0,,True,False,,
Belgrade,London,164076,0,164076,1.0,0.0,,True,False,,
Belgrade,Lyon,5424,0,5424,1.0,0.0,,True,False,,
Belgrade,Madrid,27280,0,27280,1.0,0.0,,True,False,,
Belgrade,Milan,140344,0,140344,1.0,0.0,,True,False,,
Belgrade,Munich,134229,0,134229,1.0,0.0,,True,False,,
Belgrade,Nicosia,136984,0,136984,1.0,0.0,,True,False,,
Belgrade,Oslo,78745,0,78745,1.0,0.0,,True,False,,
Belgrade,Palma,13224,0,13224,1.0,0.0,,True,False,,
Belgrade,Paris,183395,0,183395,1.0,0.0,,True,False,,
Belgrade,Prague,40955,0,40955,1.0,0.0,,True,False,,
Belgrade,Rome,141761,0,141761,1.0,0.0,,True,False,,
Belgrade,Stockholm,66175,0,66175,1.0,0.0,,True,False,,
Belgrade,Strasbourg,69748,0,69748,1.0,0.0,,True,False,,
Belgrade,Stuttgart,52227,0,52227,1.0,0.0,,True,False,,
Belgrade,Venice,21815,0,21815,1.0,0.0,,True,False,,
Belgrade,Vienna,263563,0,263563,1.0,0.0,,True,False,,
Belgrade,Warsaw,72450,0,72450,1.0,0.0,,True,False,,
Belgrade,Zurich,387644,0,387644,1.0,0.0,,True,False,,
Berlin,Bremen,0,10219,10219,0.0,1.0,315.4,False,True,200.0,0.3
Berlin,Brussels,379400,0,379400,1.0,0.0,651.3,True,False,,
Berlin,Bucharest,66686,0,66686,1.0,0.0,,True,False,,
Berlin,Budapest,211238,0,211238,1.0,0.0,,True,False,,
Berlin,Cologne,593006,0,593006,1.0,0.0,478.6,True,False,,
Berlin,Copenhagen,386114,0,386114,1.0,0.0,,True,False,,
Berlin,Dortmund,0,44015,44015,0.0,1.0,421.8,False,True,186.0,1.0
Berlin,Dresden,0,1258829,1258829,0.0,1.0,165.4,False,True,82.0,28.6
Berlin,Edinburgh,140493,0,140493,1.0,0.0,,True,False,,
Berlin,Frankfurt,1254622,1496509,2751131,0.456,0.544,423.7,True,True,215.0,34.0
Berlin,Geneva,135095,0,135095,1.0,0.0,877.1,True,False,,
Berlin,Hamburg,43857,2029091,2072948,0.0212,0.9788,255.4,True,True,92.0,46.1
Berlin,Hannover,0,5510676,5510676,0.0,1.0,249.8,False,True,76.0,125.2
Berlin,Helsinki,347137,0,347137,1.0,0.0,,True,False,,
Berlin,Leipzig,0,2944602,2944602,0.0,1.0,149.8,False,True,67.0,66.9
Berlin,Lisbon,220981,0,220981,1.0,0.0,2313.1,True,False,,
Berlin,London,1243382,0,1243382,1.0,0.0,931.8,True,False,,
Berlin,Madrid,366581,0,366581,1.0,0.0,1869.7,True,False,,
Berlin,Manchester,174821,0,174821,1.0,0.0,,True,False,,
Berlin,Marseille,55589,0,55589,1.0,0.0,1186.2,True,False,,
Berlin,Milan,500112,0,500112,1.0,0.0,842.9,True,False,,
Berlin,Munich,969430,4401,973831,0.9955,0.0045,504.9,True,True,281.0,0.1
Berlin,Nicosia,53948,0,53948,1.0,0.0,,True,False,,
Berlin,Nottingham,30484,0,30484,1.0,0.0,,True,False,,
Berlin,Nuremberg,0,2790550,2790550,0.0,1.0,378.4,False,True,156.0,63.4
Berlin,Oslo,230241,0,230241,1.0,0.0,,True,False,,
Berlin,Palermo,9991,0,9991,1.0,0.0,1602.1,True,False,,
Berlin,Palma,645167,0,645167,1.0,0.0,1658.7,True,False,,
Berlin,Paris,831297,0,831297,1.0,0.0,878.4,True,False,,
Berlin,Porto,87159,0,87159,1.0,0.0,2084.9,True,False,,
Berlin,Prague,30256,0,30256,1.0,0.0,,True,False,,
Berlin,Riga,119663,0,119663,1.0,0.0,,True,False,,
Berlin,Rome,264224,0,264224,1.0,0.0,1184.2,True,False,,
Berlin,Rotterdam,7057,0,7057,1.0,0.0,611.6,True,False,,
Berlin,Stockholm,304888,0,304888,1.0,0.0,,True,False,,
Berlin,Strasbourg,172480,0,172480,1.0,0.0,593.1,True,False,,
Berlin,Stuttgart,472511,0,472511,1.0,0.0,511.9,True,False,,
Berlin,Tallinn,63289,0,63289,1.0,0.0,,True,False,,
Berlin,Utrecht,0,146469,146469,0.0,1.0,565.2,False,True,297.0,4.3
Berlin,Venice,169287,0,169287,1.0,0.0,792.0,True,False,,
Berlin,Vienna,597005,0,597005,1.0,0.0,523.8,True,False,,
Berlin,Vilnius,81416,0,81416,1.0,0.0,,True,False,,
Berlin,Warsaw,102448,0,102448,1.0,0.0,,True,False,,
Berlin,Zurich,711554,0,711554,1.0,0.0,670.4,True,False,,
Bilbao,Madrid,0,584134,584134,0.0,1.0,323.0,False,True,253.0,8.0
Birmingham,Brussels,75220,0,75220,1.0,0.0,,True,False,,
Birmingham,Bucharest,128573,0,128573,1.0,0.0,,True,False,,
Birmingham,Budapest,58821,0,58821,1.0,0.0,,True,False,,
Birmingham,Cologne,10382,0,10382,1.0,0.0,,True,False,,
Birmingham,Copenhagen,28774,0,28774,1.0,0.0,,True,False,,
Birmingham,Edinburgh,199191,0,199191,1.0,0.0,,True,False,,
Birmingham,Frankfurt,261954,0,261954,1.0,0.0,,True,False,,
Birmingham,Geneva,105398,0,105398,1.0,0.0,,True,False,,
Birmingham,Lisbon,38764,0,38764,1.0,0.0,,True,False,,
Birmingham,London,70240,0,70240,1.0,0.0,,True,False,,
Birmingham,Madrid,39153,0,39153,1.0,0.0,,True,False,,
Birmingham,Manchester,59856,0,59856,1.0,0.0,,True,False,,
Birmingham,Milan,50342,0,50342,1.0,0.0,,True,False,,
Birmingham,Munich,161619,0,161619,1.0,0.0,,True,False,,
Birmingham,Nicosia,113168,0,113168,1.0,0.0,,True,False,,
Birmingham,Nottingham,71182,0,71182,1.0,0.0,,True,False,,
Birmingham,Palma,308114,0,308114,1.0,0.0,,True,False,,
Birmingham,Paris,229735,0,229735,1.0,0.0,,True,False,,
Birmingham,Porto,30935,0,30935,1.0,0.0,,True,False,,
Birmingham,Prague,49918,0,49918,1.0,0.0,,True,False,,
Birmingham,Rome,52556,0,52556,1.0,0.0,,True,False,,
Birmingham,Stockholm,24082,0,24082,1.0,0.0,,True,False,,
Birmingham,Stuttgart,7258,0,7258,1.0,0.0,,True,False,,
Birmingham,Toulouse,18493,0,18493,1.0,0.0,,True,False,,
Birmingham,Turin,11556,0,11556,1.0,0.0,,True,False,,
Birmingham,Venice,37002,0,37002,1.0,0.0,,True,False,,
Birmingham,Vilnius,18578,0,18578,1.0,0.0,,True,False,,
Birmingham,Warsaw,35062,0,35062,1.0,0.0,,True,False,,
Birmingham,Zurich,52657,0,52657,1.0,0.0,,True,False,,
Bordeaux,Nantes,0,403464,403464,0.0,1.0,274.7,False,True,236.0,4.0
Bordeaux,Paris,0,6798363,6798363,0.0,1.0,498.6,False,True,120.0,67.4
Bordeaux,Strasbourg,0,61927,61927,0.0,1.0,758.4,False,True,367.0,1.6
Bordeaux,Toulouse,0,1321344,1321344,0.0,1.0,212.0,False,True,140.0,13.1
Bremen,Cologne,0,13204,13204,0.0,1.0,270.0,False,True,196.0,0.3
Bremen,Dortmund,0,2328393,2328393,0.0,1.0,196.1,False,True,99.0,52.9
Bremen,Essen,0,30810,30810,0.0,1.0,217.6,False,True,118.0,0.7
Bremen,Hamburg,0,5004504,5004504,0.0,1.0,94.8,False,True,30.0,113.7
Bremen,Hannover,0,3446373,3446373,0.0,1.0,100.2,False,True,39.0,78.3
Bremen,Utrecht,0,30656,30656,0.0,1.0,272.0,False,True,208.0,0.9
Brussels,Bucharest,329162,0,329162,1.0,0.0,,True,False,,
Brussels,Budapest,351232,0,351232,1.0,0.0,,True,False,,
Brussels,Cologne,61270,160328,221598,0.2765,0.7235,182.7,True,True,158.0,4.1
Brussels,Copenhagen,425586,0,425586,1.0,0.0,,True,False,,
Brussels,Edinburgh,163009,0,163009,1.0,0.0,,True,False,,
Brussels,Frankfurt,572049,0,572049,1.0,0.0,317.4,True,False,,
Brussels,Geneva,513461,0,513461,1.0,0.0,533.5,True,False,,
Brussels,Hamburg,144482,0,144482,1.0,0.0,487.7,True,False,,
Brussels,Helsinki,259827,0,259827,1.0,0.0,,True,False,,
Brussels,Liege,0,1223617,1223617,0.0,1.0,89.1,False,True,23.0,27.8
Brussels,Lille,0,2289656,2289656,0.0,1.0,94.2,False,True,26.0,22.7
Brussels,Lisbon,595599,0,595599,1.0,0.0,1712.7,True,False,,
Brussels,Ljubljana,58607,0,58607,1.0,0.0,,True,False,,
Brussels,London,818496,115813,934309,0.876,0.124,320.3,True,True,109.0,3.4
Brussels,Lyon,62874,0,62874,1.0,0.0,568.4,True,False,,
Brussels,Madrid,1001437,0,1001437,1.0,0.0,1316.5,True,False,,
Brussels,Manchester,394121,0,394121,1.0,0.0,,True,False,,
Brussels,Marseille,337010,0,337010,1.0,0.0,843.5,True,False,,
Brussels,Milan,856524,0,856524,1.0,0.0,698.0,True,False,,
Brussels,Munich,490068,23463,513531,0.9543,0.0457,602.5,True,True,637.0,0.6
Brussels,Nicosia,24412,0,24412,1.0,0.0,,True,False,,
Brussels,Nottingham,177888,0,177888,1.0,0.0,,True,False,,
Brussels,Oslo,259438,0,259438,1.0,0.0,,True,False,,
Brussels,Palermo,22414,0,22414,1.0,0.0,1583.5,True,False,,
Brussels,Palma,189242,0,189242,1.0,0.0,1261.3,True,False,,
Brussels,Paris,266292,2491248,2757540,0.0966,0.9034,264.3,True,True,75.0,56.6
Brussels,Porto,335966,0,335966,1.0,0.0,1467.5,True,False,,
Brussels,Prague,272536,0,272536,1.0,0.0,,True,False,,
Brussels,Riga,80763,0,80763,1.0,0.0,,True,False,,
Brussels,Rome,667311,0,667311,1.0,0.0,1175.0,True,False,,
Brussels,Rotterdam,19307,296344,315651,0.0612,0.9388,119.5,True,True,70.0,8.7
Brussels,Seville,103378,0,103378,1.0,0.0,1705.5,True,False,,
Brussels,Stockholm,325217,0,325217,1.0,0.0,,True,False,,
Brussels,Strasbourg,70863,0,70863,1.0,0.0,350.9,True,False,,
Brussels,Stuttgart,23107,0,23107,1.0,0.0,415.7,True,False,,
Brussels,Tallinn,43718,0,43718,1.0,0.0,,True,False,,
Brussels,Toulouse,273065,0,273065,1.0,0.0,834.9,True,False,,
Brussels,Turin,49997,0,49997,1.0,0.0,688.9,True,False,,
Brussels,Venice,336662,0,336662,1.0,0.0,843.6,True,False,,
Brussels,Vienna,647761,0,647761,1.0,0.0,914.9,True,False,,
Brussels,Vilnius,34634,0,34634,1.0,0.0,,True,False,,
Brussels,Warsaw,300523,0,300523,1.0,0.0,,True,False,,
Brussels,Zurich,292183,0,292183,1.0,0.0,493.4,True,False,,
Bucharest,Budapest,60750,0,60750,1.0,0.0,,True,False,,
Bucharest,Cologne,129681,0,129681,1.0,0.0,,True,False,,
Bucharest,Copenhagen,78548,0,78548,1.0,0.0,,True,False,,
Bucharest,Edinburgh,64408,0,64408,1.0,0.0,,True,False,,
Bucharest,Frankfurt,340729,0,340729,1.0,0.0,,True,False,,
Bucharest,Geneva,46508,0,46508,1.0,0.0,,True,False,,
Bucharest,Hamburg,46794,0,46794,1.0,0.0,,True,False,,
Bucharest,Helsinki,9026,0,9026,1.0,0.0,,True,False,,
Bucharest,Lisbon,46525,0,46525,1.0,0.0,,True,False,,
Bucharest,London,1118725,0,1118725,1.0,0.0,,True,False,,
Bucharest,Lyon,14418,0,14418,1.0,0.0,,True,False,,
Bucharest,Madrid,286476,0,286476,1.0,0.0,,True,False,,
Bucharest,Manchester,37619,0,37619,1.0,0.0,,True,False,,
Bucharest,Marseille,44563,0,44563,1.0,0.0,,True,False,,
Bucharest,Milan,439908,0,439908,1.0,0.0,,True,False,,
Bucharest,Munich,276027,0,276027,1.0,0.0,,True,False,,
Bucharest,Nicosia,83536,0,83536,1.0,0.0,,True,False,,
Bucharest,Oslo,11552,0,11552,1.0,0.0,,True,False,,
Bucharest,Palermo,12045,0,12045,1.0,0.0,,True,False,,
Bucharest,Palma,41996,0,41996,1.0,0.0,,True,False,,
Bucharest,Paris,477865,0,477865,1.0,0.0,,True,False,,
Bucharest,Prague,89502,0,89502,1.0,0.0,,True,False,,
Bucharest,Rome,331923,0,331923,1.0,0.0,,True,False,,
Bucharest,Seville,30489,0,30489,1.0,0.0,,True,False,,
Bucharest,Stockholm,6864,0,6864,1.0,0.0,,True,False,,
Bucharest,Strasbourg,70848,0,70848,1.0,0.0,,True,False,,
Bucharest,Stuttgart,38582,0,38582,1.0,0.0,,True,False,,
Bucharest,Turin,31038,0,31038,1.0,0.0,,True,False,,
Bucharest,Venice,195912,0,195912,1.0,0.0,,True,False,,
Bucharest,Vienna,421196,0,421196,1.0,0.0,,True,False,,
Bucharest,Warsaw,180101,0,180101,1.0,0.0,,True,False,,
Bucharest,Zurich,120164,0,120164,1.0,0.0,,True,False,,
Budapest,Cologne,160128,0,160128,1.0,0.0,,True,False,,
Budapest,Copenhagen,175758,0,175758,1.0,0.0,,True,False,,
Budapest,Edinburgh,99595,0,99595,1.0,0.0,,True,False,,
Budapest,Frankfurt,438763,0,438763,1.0,0.0,,True,False,,
Budapest,Geneva,88218,0,88218,1.0,0.0,,True,False,,
Budapest,Hamburg,53327,0,53327,1.0,0.0,,True,False,,
Budapest,Helsinki,111547,0,111547,1.0,0.0,,True,False,,
Budapest,Lisbon,103006,0,103006,1.0,0.0,,True,False,,
Budapest,London,1183938,0,1183938,1.0,0.0,,True,False,,
Budapest,Madrid,221527,0,221527,1.0,0.0,,True,False,,
Budapest,Manchester,121457,0,121457,1.0,0.0,,True,False,,
Budapest,Marseille,37666,0,37666,1.0,0.0,,True,False,,
Budapest,Milan,426312,0,426312,1.0,0.0,,True,False,,
Budapest,Munich,289071,0,289071,1.0,0.0,,True,False,,
Budapest,Nicosia,114111,0,114111,1.0,0.0,,True,False,,
Budapest,Nottingham,31668,0,31668,1.0,0.0,,True,False,,
Budapest,Oslo,119127,0,119127,1.0,0.0,,True,False,,
Budapest,Palermo,12103,0,12103,1.0,0.0,,True,False,,
Budapest,Palma,66856,0,66856,1.0,0.0,,True,False,,
Budapest,Paris,476340,0,476340,1.0,0.0,,True,False,,
Budapest,Porto,52238,0,52238,1.0,0.0,,True,False,,
Budapest,Prague,226283,0,226283,1.0,0.0,,True,False,,
Budapest,Riga,22627,0,22627,1.0,0.0,,True,False,,
Budapest,Rome,260631,0,260631,1.0,0.0,,True,False,,
Budapest,Seville,18730,0,18730,1.0,0.0,,True,False,,
Budapest,Stockholm,86619,0,86619,1.0,0.0,,True,False,,
Budapest,Strasbourg,180726,0,180726,1.0,0.0,,True,False,,
Budapest,Stuttgart,116808,0,116808,1.0,0.0,,True,False,,
Budapest,Venice,51143,0,51143,1.0,0.0,,True,False,,
Budapest,Vienna,196157,0,196157,1.0,0.0,,True,False,,
Budapest,Warsaw,242025,0,242025,1.0,0.0,,True,False,,
Budapest,Zurich,201619,0,201619,1.0,0.0,,True,False,,
Cologne,Copenhagen,94046,0,94046,1.0,0.0,,True,False,,
Cologne,Duisburg,0,347718,347718,0.0,1.0,57.0,False,True,38.0,7.9
Cologne,Dusseldorf,0,22069113,22069113,0.0,1.0,34.4,False,True,2.0,501.4
Cologne,Edinburgh,45103,0,45103,1.0,0.0,,True,False,,
Cologne,Essen,0,105636,105636,0.0,1.0,58.3,False,True,54.0,2.4
Cologne,Frankfurt,95799,8085553,8181352,0.0117,0.9883,152.6,True,True,37.0,183.7
Cologne,Geneva,28603,0,28603,1.0,0.0,529.4,True,False,,
Cologne,Hamburg,203647,0,203647,1.0,0.0,357.2,True,False,,
Cologne,Liege,0,1188405,1188405,0.0,1.0,102.7,False,True,44.0,27.0
Cologne,Lisbon,100772,0,100772,1.0,0.0,1850.7,True,False,,
Cologne,Ljubljana,18390,0,18390,1.0,0.0,,True,False,,
Cologne,London,634630,0,634630,1.0,0.0,496.7,True,False,,
Cologne,Lyon,20496,0,20496,1.0,0.0,597.0,True,False,,
Cologne,Madrid,131308,0,131308,1.0,0.0,1429.5,True,False,,
Cologne,Manchester,80168,0,80168,1.0,0.0,,True,False,,
Cologne,Marseille,65336,0,65336,1.0,0.0,857.3,True,False,,
Cologne,Milan,567356,0,567356,1.0,0.0,630.3,True,False,,
Cologne,Munich,694883,264090,958973,0.7246,0.2754,456.0,True,True,389.0,6.0
Cologne,Nicosia,74963,0,74963,1.0,0.0,,True,False,,
Cologne,Nottingham,374950,0,374950,1.0,0.0,,True,False,,
Cologne,Oslo,21531,0,21531,1.0,0.0,,True,False,,
Cologne,Palermo,15162,0,15162,1.0,0.0,1511.7,True,False,,
Cologne,Palma,959206,0,959206,1.0,0.0,1307.1,True,False,,
Cologne,Paris,412526,0,412526,1.0,0.0,402.5,True,False,,
Cologne,Porto,179576,0,179576,1.0,0.0,1614.6,True,False,,
Cologne,Prague,106273,0,106273,1.0,0.0,,True,False,,
Cologne,Riga,26850,0,26850,1.0,0.0,,True,False,,
Cologne,Rome,176382,0,176382,1.0,0.0,1091.2,True,False,,
Cologne,Rotterdam,8344,0,8344,1.0,0.0,203.6,True,False,,
Cologne,Seville,36902,0,36902,1.0,0.0,1819.9,True,False,,
Cologne,Stockholm,124938,0,124938,1.0,0.0,,True,False,,
Cologne,Strasbourg,61273,70424,131697,0.4653,0.5347,267.4,True,True,206.0,1.6
Cologne,Stuttgart,90022,792270,882292,0.102,0.898,287.5,True,True,169.0,18.0
Cologne,Utrecht,0,39613,39613,0.0,1.0,180.4,False,True,160.0,0.8999999999999999
Cologne,Venice,153127,0,153127,1.0,0.0,729.5,True,False,,
Cologne,Vienna,501014,0,501014,1.0,0.0,743.2,True,False,,
Cologne,Vilnius,35156,0,35156,1.0,0.0,,True,False,,
Cologne,Warsaw,87183,0,87183,1.0,0.0,,True,False,,
Cologne,Zurich,162379,73539,235918,0.6883,0.3117,413.3,True,True,447.0,1.9
Copenhagen,Edinburgh,181106,0,181106,1.0,0.0,,True,False,,
Copenhagen,Frankfurt,519680,0,519680,1.0,0.0,,True,False,,
Copenhagen,Geneva,199417,0,199417,1.0,0.0,,True,False,,
Copenhagen,Hamburg,128386,0,128386,1.0,0.0,,True,False,,
Copenhagen,Helsinki,622039,0,622039,1.0,0.0,,True,False,,
Copenhagen,Lisbon,176415,0,176415,1.0,0.0,,True,False,,
Copenhagen,London,1613878,0,1613878,1.0,0.0,,True,False,,
Copenhagen,Lyon,11462,0,11462,1.0,0.0,,True,False,,
Copenhagen,Madrid,194282,0,194282,1.0,0.0,,True,False,,
Copenhagen,Manchester,324129,0,324129,1.0,0.0,,True,False,,
Copenhagen,Marseille,9923,0,9923,1.0,0.0,,True,False,,
Copenhagen,Milan,468069,0,468069,1.0,0.0,,True,False,,
Copenhagen,Munich,457621,0,457621,1.0,0.0,,True,False,,
Copenhagen,Nicosia,96868,0,96868,1.0,0.0,,True,False,,
Copenhagen,Nottingham,74674,0,74674,1.0,0.0,,True,False,,
Copenhagen,Oslo,1500852,0,1500852,1.0,0.0,,True,False,,
Copenhagen,Palma,302114,0,302114,1.0,0.0,,True,False,,
Copenhagen,Paris,797939,0,797939,1.0,0.0,,True,False,,
Copenhagen,Porto,38418,0,38418,1.0,0.0,,True,False,,
Copenhagen,Prague,205024,0,205024,1.0,0.0,,True,False,,
Copenhagen,Riga,178784,0,178784,1.0,0.0,,True,False,,
Copenhagen,Rome,308169,0,308169,1.0,0.0,,True,False,,
Copenhagen,Rotterdam,7293,0,7293,1.0,0.0,,True,False,,
Copenhagen,Stockholm,1358206,0,1358206,1.0,0.0,,True,False,,
Copenhagen,Strasbourg,74902,0,74902,1.0,0.0,,True,False,,
Copenhagen,Stuttgart,35863,0,35863,1.0,0.0,,True,False,,
Copenhagen,Tallinn,61989,0,61989,1.0,0.0,,True,False,,
Copenhagen,Turin,29053,0,29053,1.0,0.0,,True,False,,
Copenhagen,Venice,84886,0,84886,1.0,0.0,,True,False,,
Copenhagen,Vienna,420369,0,420369,1.0,0.0,,True,False,,
Copenhagen,Vilnius,73730,0,73730,1.0,0.0,,True,False,,
Copenhagen,Warsaw,290431,0,290431,1.0,0.0,,True,False,,
Copenhagen,Zurich,371316,0,371316,1.0,0.0,,True,False,,
Dortmund,Duisburg,0,118840,118840,0.0,1.0,49.4,False,True,25.0,2.7
Dortmund,Dusseldorf,0,4401,4401,0.0,1.0,57.7,False,True,59.0,0.1
Dortmund,Essen,0,34582574,34582574,0.0,1.0,32.1,False,True,4.0,785.7
Dortmund,Frankfurt,0,325711,325711,0.0,1.0,177.6,False,True,136.0,7.4
Dortmund,Hannover,0,3037034,3037034,0.0,1.0,182.2,False,True,78.0,69.0
Dortmund,Leipzig,0,88030,88030,0.0,1.0,340.6,False,True,261.0,2.0
Dortmund,Munich,0,71531,71531,0.0,1.0,477.3,False,True,450.0,2.1
Dortmund,Nuremberg,0,726247,726247,0.0,1.0,343.1,False,True,238.0,16.5
Dortmund,Utrecht,0,272893,272893,0.0,1.0,173.4,False,True,135.0,6.2
Dresden,Leipzig,0,3604827,3604827,0.0,1.0,100.5,False,True,41.0,81.9
Duisburg,Dusseldorf,0,26532233,26532233,0.0,1.0,23.3,False,True,3.0,602.8000000000001
Duisburg,Essen,0,24525150,24525150,0.0,1.0,17.3,False,True,3.0,557.2
Duisburg,Nuremberg,0,13204,13204,0.0,1.0,376.3,False,True,387.0,0.3
Duisburg,Utrecht,0,369726,369726,0.0,1.0,134.7,False,True,81.0,8.4
Dusseldorf,Essen,0,11259033,11259033,0.0,1.0,30.6,False,True,3.0,255.8
Dusseldorf,Frankfurt,0,26409,26409,0.0,1.0,182.2,False,True,196.0,0.6
Dusseldorf,Liege,0,4401,4401,0.0,1.0,107.3,False,True,74.0,0.1
Dusseldorf,Utrecht,0,51094,51094,0.0,1.0,149.6,False,True,107.0,1.5
Edinburgh,Frankfurt,217335,0,217335,1.0,0.0,,True,False,,
Edinburgh,Geneva,164554,0,164554,1.0,0.0,,True,False,,
Edinburgh,Hamburg,51433,0,51433,1.0,0.0,,True,False,,
Edinburgh,Helsinki,40812,0,40812,1.0,0.0,,True,False,,
Edinburgh,Lisbon,64095,0,64095,1.0,0.0,,True,False,,
Edinburgh,London,2399159,0,2399159,1.0,0.0,,True,False,,
Edinburgh,Lyon,9014,0,9014,1.0,0.0,,True,False,,
Edinburgh,Madrid,131145,0,131145,1.0,0.0,,True,False,,
Edinburgh,Manchester,11613,0,11613,1.0,0.0,,True,False,,
Edinburgh,Marseille,38105,0,38105,1.0,0.0,,True,False,,
Edinburgh,Milan,139979,0,139979,1.0,0.0,,True,False,,
Edinburgh,Munich,55180,0,55180,1.0,0.0,,True,False,,
Edinburgh,Nicosia,28431,0,28431,1.0,0.0,,True,False,,
Edinburgh,Nottingham,303415,0,303415,1.0,0.0,,True,False,,
Edinburgh,Oslo,107332,0,107332,1.0,0.0,,True,False,,
Edinburgh,Palermo,8284,0,8284,1.0,0.0,,True,False,,
Edinburgh,Palma,160904,0,160904,1.0,0.0,,True,False,,
Edinburgh,Paris,409856,0,409856,1.0,0.0,,True,False,,
Edinburgh,Porto,39761,0,39761,1.0,0.0,,True,False,,
Edinburgh,Prague,68679,0,68679,1.0,0.0,,True,False,,
Edinburgh,Riga,33977,0,33977,1.0,0.0,,True,False,,
Edinburgh,Rome,70164,0,70164,1.0,0.0,,True,False,,
Edinburgh,Rotterdam,34819,0,34819,1.0,0.0,,True,False,,
Edinburgh,Seville,31775,0,31775,1.0,0.0,,True,False,,
Edinburgh,Stockholm,69296,0,69296,1.0,0.0,,True,False,,
Edinburgh,Strasbourg,70662,0,70662,1.0,0.0,,True,False,,
Edinburgh,Tallinn,11904,0,11904,1.0,0.0,,True,False,,
Edinburgh,Toulouse,34686,0,34686,1.0,0.0,,True,False,,
Edinburgh,Turin,19216,0,19216,1.0,0.0,,True,False,,
Edinburgh,Venice,55411,0,55411,1.0,0.0,,True,False,,
Edinburgh,Vienna,40154,0,40154,1.0,0.0,,True,False,,
Edinburgh,Warsaw,19804,0,19804,1.0,0.0,,True,False,,
Edinburgh,Zurich,64577,0,64577,1.0,0.0,,True,False,,
Essen,Hamburg,0,88030,88030,0.0,1.0,308.0,False,True,167.0,2.0
Essen,Hannover,0,127643,127643,0.0,1.0,212.5,False,True,137.0,2.9
Frankfurt,Geneva,347533,0,347533,1.0,0.0,474.1,True,False,,
Frankfurt,Hamburg,1105453,0,1105453,1.0,0.0,392.4,True,False,,
Frankfurt,Hannover,0,4000962,4000962,0.0,1.0,261.2,False,True,127.0,90.9
Frankfurt,Helsinki,440277,0,440277,1.0,0.0,,True,False,,
Frankfurt,Leipzig,0,2627695,2627695,0.0,1.0,293.0,False,True,174.0,59.7
Frankfurt,Lisbon,571192,0,571192,1.0,0.0,1891.2,True,False,,
Frankfurt,Ljubljana,94938,0,94938,1.0,0.0,,True,False,,
Frankfurt,London,1823705,0,1823705,1.0,0.0,637.6,True,False,,
Frankfurt,Lyon,100208,0,100208,1.0,0.0,563.2,True,False,,
Frankfurt,Madrid,815260,0,815260,1.0,0.0,1446.3,True,False,,
Frankfurt,Manchester,368005,0,368005,1.0,0.0,,True,False,,
Frankfurt,Marseille,218808,0,218808,1.0,0.0,798.7,True,False,,
Frankfurt,Milan,963113,0,963113,1.0,0.0,518.6,True,False,,
Frankfurt,Munich,1175545,4401,1179946,0.9963,0.0037,304.3,True,True,322.0,0.1
Frankfurt,Nicosia,125825,0,125825,1.0,0.0,,True,False,,
Frankfurt,Nottingham,17102,0,17102,1.0,0.0,,True,False,,
Frankfurt,Nuremberg,0,2918194,2918194,0.0,1.0,186.9,False,True,105.0,66.3
Frankfurt,Oslo,435764,0,435764,1.0,0.0,,True,False,,
Frankfurt,Palermo,11187,0,11187,1.0,0.0,1384.8,True,False,,
Frankfurt,Palma,815992,0,815992,1.0,0.0,1264.5,True,False,,
Frankfurt,Paris,853286,373204,1226490,0.6957,0.3043,478.5,True,True,233.0,3.7
Frankfurt,Porto,323757,0,323757,1.0,0.0,1667.4,True,False,,
Frankfurt,Prague,380214,0,380214,1.0,0.0,,True,False,,
Frankfurt,Riga,147008,0,147008,1.0,0.0,,True,False,,
Frankfurt,Rome,537590,0,537590,1.0,0.0,960.7,True,False,,
Frankfurt,Seville,83283,0,83283,1.0,0.0,1834.6,True,False,,
Frankfurt,Stockholm,500993,0,500993,1.0,0.0,,True,False,,
Frankfurt,Strasbourg,163386,2706922,2870308,0.0569,0.9431,183.4,True,True,99.0,61.5
Frankfurt,Stuttgart,293904,5809978,6103882,0.0482,0.9518,152.5,True,True,72.0,132.0
Frankfurt,Tallinn,239983,0,239983,1.0,0.0,,True,False,,
Frankfurt,Toulouse,238913,0,238913,1.0,0.0,908.6,True,False,,
Frankfurt,Turin,99367,0,99367,1.0,0.0,565.9,True,False,,
Frankfurt,Venice,385558,0,385558,1.0,0.0,587.2,True,False,,
Frankfurt,Vienna,991587,0,991587,1.0,0.0,597.5,True,False,,
Frankfurt,Vilnius,179266,0,179266,1.0,0.0,,True,False,,
Frankfurt,Warsaw,447811,0,447811,1.0,0.0,,True,False,,
Frankfurt,Zurich,627245,27093,654338,0.9586,0.0414,305.8,True,True,250.0,0.7
Geneva,Hamburg,28272,0,28272,1.0,0.0,862.0,True,False,,
Geneva,Helsinki,76320,0,76320,1.0,0.0,,True,False,,
Geneva,Lisbon,541540,0,541540,1.0,0.0,1501.1,True,False,,
Geneva,Ljubljana,6969,0,6969,1.0,0.0,,True,False,,
Geneva,London,2070938,0,2070938,1.0,0.0,746.9,True,False,,
Geneva,Lyon,0,6072129,6072129,0.0,1.0,112.2,False,True,71.0,60.2
Geneva,Madrid,488970,0,488970,1.0,0.0,1022.8,True,False,,
Geneva,Manchester,310272,0,310272,1.0,0.0,,True,False,,
Geneva,Marseille,43567,0,43567,1.0,0.0,328.6,True,False,,
Geneva,Milan,144864,876219,1021083,0.1419,0.8581,249.7,True,True,252.0,22.1
Geneva,Munich,229340,0,229340,1.0,0.0,463.3,True,False,,
Geneva,Nicosia,18407,0,18407,1.0,0.0,,True,False,,
Geneva,Nottingham,11304,0,11304,1.0,0.0,,True,False,,
Geneva,Oslo,39445,0,39445,1.0,0.0,,True,False,,
Geneva,Palma,160056,0,160056,1.0,0.0,790.4,True,False,,
Geneva,Paris,653671,6879056,7532727,0.0868,0.9132,410.0,True,True,158.0,68.2
Geneva,Porto,587841,0,587841,1.0,0.0,1310.4,True,False,,
Geneva,Prague,104458,0,104458,1.0,0.0,,True,False,,
Geneva,Riga,5464,0,5464,1.0,0.0,,True,False,,
Geneva,Rome,276300,0,276300,1.0,0.0,698.5,True,False,,
Geneva,Rotterdam,19661,0,19661,1.0,0.0,647.5,True,False,,
Geneva,Seville,47661,0,47661,1.0,0.0,1400.9,True,False,,
Geneva,Stockholm,113583,0,113583,1.0,0.0,,True,False,,
Geneva,Strasbourg,83133,0,83133,1.0,0.0,290.9,True,False,,
Geneva,Stuttgart,11130,0,11130,1.0,0.0,366.2,True,False,,
Geneva,Toulouse,78707,0,78707,1.0,0.0,469.5,True,False,,
Geneva,Turin,6840,0,6840,1.0,0.0,173.8,True,False,,
Geneva,Venice,60693,0,60693,1.0,0.0,486.8,True,False,,
Geneva,Vienna,169984,0,169984,1.0,0.0,803.4,True,False,,
Geneva,Warsaw,112167,0,112167,1.0,0.0,,True,False,,
Geneva,Zurich,579302,7098424,7677726,0.0755,0.9245,224.2,True,True,155.0,183.4
Genoa,Milan,0,18867916,18867916,0.0,1.0,119.4,False,True,39.0,323.0
Genoa,Nice,0,10047311,10047311,0.0,1.0,155.2,False,True,60.0,172.0
Genoa,Rome,0,8937434,8937434,0.0,1.0,402.2,False,True,207.0,153.0
Genoa,Turin,0,15479869,15479869,0.0,1.0,123.9,False,True,32.0,265.0
Granada,Madrid,0,1022235,1022235,0.0,1.0,359.1,False,True,194.0,14.0
Granada,Malaga,0,219050,219050,0.0,1.0,89.1,False,True,77.0,3.0
Granada,Seville,0,365084,365084,0.0,1.0,210.5,False,True,152.0,5.0
Hamburg,Hannover,0,5189367,5189367,0.0,1.0,132.4,False,True,67.0,117.9
Hamburg,Helsinki,110228,0,110228,1.0,0.0,,True,False,,
Hamburg,Lisbon,125135,0,125135,1.0,0.0,2197.9,True,False,,
Hamburg,London,737881,0,737881,1.0,0.0,720.4,True,False,,
Hamburg,Madrid,172318,0,172318,1.0,0.0,1785.6,True,False,,
Hamburg,Manchester,45413,0,45413,1.0,0.0,,True,False,,
Hamburg,Milan,225348,0,225348,1.0,0.0,901.0,True,False,,
Hamburg,Munich,1236066,117313,1353379,0.9133,0.0867,612.1,True,True,535.0,3.0
Hamburg,Nicosia,16137,0,16137,1.0,0.0,,True,False,,
Hamburg,Nuremberg,0,1286531,1286531,0.0,1.0,461.6,False,True,339.0,32.9
Hamburg,Oslo,106400,0,106400,1.0,0.0,,True,False,,
Hamburg,Palma,706968,0,706968,1.0,0.0,1650.8,True,False,,
Hamburg,Paris,370960,0,370960,1.0,0.0,745.2,True,False,,
Hamburg,Porto,49286,0,49286,1.0,0.0,1955.0,True,False,,
Hamburg,Prague,14282,0,14282,1.0,0.0,,True,False,,
Hamburg,Riga,35958,0,35958,1.0,0.0,,True,False,,
Hamburg,Rome,78219,0,78219,1.0,0.0,1309.8,True,False,,
Hamburg,Rotterdam,8617,0,8617,1.0,0.0,412.9,True,False,,
Hamburg,Stockholm,100624,0,100624,1.0,0.0,,True,False,,
Hamburg,Strasbourg,134844,0,134844,1.0,0.0,574.1,True,False,,
Hamburg,Stuttgart,362618,0,362618,1.0,0.0,533.3,True,False,,
Hamburg,Utrecht,0,40875,40875,0.0,1.0,365.2,False,True,264.0,1.2
Hamburg,Venice,36848,0,36848,1.0,0.0,917.7,True,False,,
Hamburg,Vienna,516394,0,516394,1.0,0.0,743.1,True,False,,
Hamburg,Vilnius,16312,0,16312,1.0,0.0,,True,False,,
Hamburg,Warsaw,95536,0,95536,1.0,0.0,,True,False,,
Hamburg,Zurich,545443,11611,557054,0.9792,0.0208,695.1,True,True,705.0,0.3
Hannover,Leipzig,0,1404078,1404078,0.0,1.0,214.4,False,True,138.0,31.9
Hannover,Munich,0,118840,118840,0.0,1.0,488.5,False,True,266.0,2.7
Hannover,Nuremberg,0,2301984,2301984,0.0,1.0,337.7,False,True,164.0,52.3
Hannover,Strasbourg,0,26409,26409,0.0,1.0,443.9,False,True,356.0,0.6
Hannover,Utrecht,0,17031,17031,0.0,1.0,315.5,False,True,216.0,0.5
Hannover,Zurich,0,11611,11611,0.0,1.0,562.8,False,True,454.0,0.3
Helsinki,Lisbon,82336,0,82336,1.0,0.0,,True,False,,
Helsinki,Ljubljana,10860,0,10860,1.0,0.0,,True,False,,
Helsinki,London,710540,0,710540,1.0,0.0,,True,False,,
Helsinki,Madrid,112122,0,112122,1.0,0.0,,True,False,,
Helsinki,Manchester,75254,0,75254,1.0,0.0,,True,False,,
Helsinki,Milan,279595,0,279595,1.0,0.0,,True,False,,
Helsinki,Munich,461281,0,461281,1.0,0.0,,True,False,,
Helsinki,Nicosia,53431,0,53431,1.0,0.0,,True,False,,
Helsinki,Oslo,327204,0,327204,1.0,0.0,,True,False,,
Helsinki,Palma,48324,0,48324,1.0,0.0,,True,False,,
Helsinki,Paris,501244,0,501244,1.0,0.0,,True,False,,
Helsinki,Prague,163644,0,163644,1.0,0.0,,True,False,,
Helsinki,Riga,239742,0,239742,1.0,0.0,,True,False,,
Helsinki,Rome,182518,0,182518,1.0,0.0,,True,False,,
Helsinki,Stockholm,1122081,0,1122081,1.0,0.0,,True,False,,
Helsinki,Tallinn,383009,0,383009,1.0,0.0,,True,False,,
Helsinki,Venice,58130,0,58130,1.0,0.0,,True,False,,
Helsinki,Vienna,182686,0,182686,1.0,0.0,,True,False,,
Helsinki,Vilnius,128788,0,128788,1.0,0.0,,True,False,,
Helsinki,Warsaw,160560,0,160560,1.0,0.0,,True,False,,
Helsinki,Zurich,200789,0,200789,1.0,0.0,,True,False,,
Leipzig,Munich,0,4401,4401,0.0,1.0,360.6,False,True,245.0,0.1
Leipzig,Nuremberg,0,1646160,1646160,0.0,1.0,228.8,False,True,105.0,37.4
Leipzig,Strasbourg,0,114439,114439,0.0,1.0,450.8,False,True,380.0,2.6
Leipzig,Zurich,0,61927,61927,0.0,1.0,521.2,False,True,529.0,1.6
Liege,Utrecht,0,1161532,1161532,0.0,1.0,164.9,False,True,109.0,34.1
Lille,London,0,439407,439407,0.0,1.0,242.6,False,True,80.0,12.9
Lille,Paris,0,14686079,14686079,0.0,1.0,204.4,False,True,49.0,145.60000000000002
Lisbon,London,1850420,0,1850420,1.0,0.0,1585.2,True,False,,
Lisbon,Lyon,72143,0,72143,1.0,0.0,1388.9,True,False,,
Lisbon,Madrid,1508878,0,1508878,1.0,0.0,503.2,True,False,,
Lisbon,Manchester,223207,0,223207,1.0,0.0,,True,False,,
Lisbon,Marseille,200657,0,200657,1.0,0.0,1318.7,True,False,,
Lisbon,Milan,676590,0,676590,1.0,0.0,1683.3,True,False,,
Lisbon,Munich,464114,0,464114,1.0,0.0,1964.3,True,False,,
Lisbon,Oslo,96210,0,96210,1.0,0.0,,True,False,,
Lisbon,Palma,67993,0,67993,1.0,0.0,1021.2,True,False,,
Lisbon,Paris,1742111,0,1742111,1.0,0.0,1452.8,True,False,,
Lisbon,Porto,845771,1349848,2195619,0.3852,0.6148,273.4,True,True,151.0,20.6
Lisbon,Prague,104338,0,104338,1.0,0.0,,True,False,,
Lisbon,Riga,14297,0,14297,1.0,0.0,,True,False,,
Lisbon,Rome,513821,0,513821,1.0,0.0,1864.9,True,False,,
Lisbon,Rotterdam,44774,0,44774,1.0,0.0,1807.1,True,False,,
Lisbon,Seville,160495,0,160495,1.0,0.0,315.6,True,False,,
Lisbon,Stockholm,105188,0,105188,1.0,0.0,,True,False,,
Lisbon,Strasbourg,83128,0,83128,1.0,0.0,1739.5,True,False,,
Lisbon,Stuttgart,47241,0,47241,1.0,0.0,1840.5,True,False,,
Lisbon,Toulouse,205942,0,205942,1.0,0.0,1038.4,True,False,,
Lisbon,Venice,162887,0,162887,1.0,0.0,1916.0,True,False,,
Lisbon,Vienna,186440,0,186440,1.0,0.0,2298.9,True,False,,
Lisbon,Warsaw,114404,0,114404,1.0,0.0,,True,False,,
Lisbon,Zurich,458720,0,458720,1.0,0.0,1723.4,True,False,,
Ljubljana,London,117145,0,117145,1.0,0.0,,True,False,,
Ljubljana,Milan,15958,0,15958,1.0,0.0,,True,False,,
Ljubljana,Munich,44099,0,44099,1.0,0.0,,True,False,,
Ljubljana,Paris,81667,0,81667,1.0,0.0,,True,False,,
Ljubljana,Prague,5988,0,5988,1.0,0.0,,True,False,,
Ljubljana,Venice,34500,0,34500,1.0,0.0,,True,False,,
Ljubljana,Vienna,8233,0,8233,1.0,0.0,,True,False,,
Ljubljana,Warsaw,51601,0,51601,1.0,0.0,,True,False,,
Ljubljana,Zurich,77580,0,77580,1.0,0.0,,True,False,,
London,Lyon,197986,0,197986,1.0,0.0,737.0,True,False,,
London,Madrid,2192558,0,2192558,1.0,0.0,1263.6,True,False,,
London,Manchester,673258,0,673258,1.0,0.0,,True,False,,
London,Marseille,492722,0,492722,1.0,0.0,1002.0,True,False,,
London,Milan,2706619,0,2706619,1.0,0.0,959.3,True,False,,
London,Munich,1246863,0,1246863,1.0,0.0,918.0,True,False,,
London,Naples,8145,0,8145,1.0,0.0,1616.7,True,False,,
London,Nicosia,1000725,0,1000725,1.0,0.0,,True,False,,
London,Nottingham,121498,0,121498,1.0,0.0,,True,False,,
London,Oslo,1151322,0,1151322,1.0,0.0,,True,False,,
London,Palermo,59823,0,59823,1.0,0.0,1823.9,True,False,,
London,Palma,1407632,0,1407632,1.0,0.0,1344.8,True,False,,
London,Paris,1844250,582457,2426707,0.76,0.24,343.8,True,True,120.0,17.1
London,Porto,815364,0,815364,1.0,0.0,1321.4,True,False,,
London,Prague,825370,0,825370,1.0,0.0,,True,False,,
London,Riga,261762,0,261762,1.0,0.0,,True,False,,
London,Rome,1651922,0,1651922,1.0,0.0,1435.5,True,False,,
London,Rotterdam,210276,0,210276,1.0,0.0,320.5,True,False,,
London,Seville,432611,0,432611,1.0,0.0,1636.5,True,False,,
London,Stockholm,1301622,0,1301622,1.0,0.0,,True,False,,
London,Strasbourg,459497,0,459497,1.0,0.0,648.9,True,False,,
London,Stuttgart,347439,0,347439,1.0,0.0,728.2,True,False,,
London,Tallinn,114150,0,114150,1.0,0.0,,True,False,,
London,Tenerife,8284,0,8284,1.0,0.0,,True,False,,
London,Toulouse,474379,0,474379,1.0,0.0,886.7,True,False,,
London,Turin,253604,0,253604,1.0,0.0,919.0,True,False,,
London,Venice,965205,0,965205,1.0,0.0,1137.4,True,False,,
London,Vienna,1093044,0,1093044,1.0,0.0,1235.2,True,False,,
London,Vilnius,349852,0,349852,1.0,0.0,,True,False,,
London,Warsaw,809687,0,809687,1.0,0.0,,True,False,,
London,Zurich,1537430,0,1537430,1.0,0.0,777.4,True,False,,
Lyon,Madrid,90279,0,90279,1.0,0.0,912.2,True,False,,
Lyon,Marseille,48122,9819743,9867865,0.0049,0.9951,275.9,True,True,69.0,223.1
Lyon,Milan,11912,0,11912,1.0,0.0,339.2,True,False,,
Lyon,Munich,47447,0,47447,1.0,0.0,575.4,True,False,,
Lyon,Nantes,0,2239224,2239224,0.0,1.0,516.4,False,True,398.0,22.2
Lyon,Palma,38080,0,38080,1.0,0.0,710.2,True,False,,
Lyon,Paris,193788,56182320,56376108,0.0034,0.9966,393.2,True,True,106.0,557.0
Lyon,Porto,85428,0,85428,1.0,0.0,1198.8,True,False,,
Lyon,Prague,7940,0,7940,1.0,0.0,,True,False,,
Lyon,Rome,54800,0,54800,1.0,0.0,749.1,True,False,,
Lyon,Seville,7882,0,7882,1.0,0.0,1292.3,True,False,,
Lyon,Strasbourg,17020,4155015,4172035,0.0041,0.9959,383.8,True,True,210.0,94.4
Lyon,Toulouse,118154,3086497,3204651,0.0369,0.9631,359.6,True,True,237.0,30.6
Lyon,Turin,0,817804,817804,0.0,1.0,234.1,False,True,234.0,14.0
Lyon,Venice,31499,0,31499,1.0,0.0,583.2,True,False,,
Lyon,Vienna,20667,0,20667,1.0,0.0,915.0,True,False,,
Madrid,Malaga,0,3431789,3431789,0.0,1.0,415.7,False,True,159.0,47.0
Madrid,Manchester,154039,0,154039,1.0,0.0,,True,False,,
Madrid,Marseille,250334,0,250334,1.0,0.0,817.1,True,False,,
Madrid,Milan,1170756,0,1170756,1.0,0.0,1188.1,True,False,,
Madrid,Munich,740105,0,740105,1.0,0.0,1484.5,True,False,,
Madrid,Murcia,0,876201,876201,0.0,1.0,349.4,False,True,149.0,12.0
Madrid,Nottingham,58093,0,58093,1.0,0.0,,True,False,,
Madrid,Oslo,92281,0,92281,1.0,0.0,,True,False,,
Madrid,Palermo,8342,0,8342,1.0,0.0,1488.8,True,False,,
Madrid,Palma,1738907,0,1738907,1.0,0.0,549.2,True,False,,
Madrid,Paris,2131549,0,2131549,1.0,0.0,1052.4,True,False,,
Madrid,Porto,921723,34062,955785,0.9644,0.0356,421.1,True,True,360.0,1.0
Madrid,Prague,162238,0,162238,1.0,0.0,,True,False,,
Madrid,Riga,16128,0,16128,1.0,0.0,,True,False,,
Madrid,Rome,1294758,0,1294758,1.0,0.0,1365.3,True,False,,
Madrid,Seville,409442,5257209,5666651,0.0723,0.9277,390.3,True,True,153.0,72.0
Madrid,Stockholm,111468,0,111468,1.0,0.0,,True,False,,
Madrid,Strasbourg,88200,0,88200,1.0,0.0,1281.5,True,False,,
Madrid,Stuttgart,7150,0,7150,1.0,0.0,1376.9,True,False,,
Madrid,Tenerife,27378,0,27378,1.0,0.0,,True,False,,
Madrid,Toulouse,201027,0,201027,1.0,0.0,553.4,True,False,,
Madrid,Turin,105549,0,105549,1.0,0.0,1062.9,True,False,,
Madrid,Valencia,0,6498494,6498494,0.0,1.0,302.0,False,True,114.0,89.0
Madrid,Venice,398540,0,398540,1.0,0.0,1416.7,True,False,,
Madrid,Vienna,385846,0,385846,1.0,0.0,1809.4,True,False,,
Madrid,Warsaw,139015,0,139015,1.0,0.0,,True,False,,
Madrid,Zurich,575631,0,575631,1.0,0.0,1247.0,True,False,,
Malaga,Seville,0,1460336,1460336,0.0,1.0,156.3,False,True,119.0,20.0
Manchester,Marseille,32255,0,32255,1.0,0.0,,True,False,,
Manchester,Milan,346646,0,346646,1.0,0.0,,True,False,,
Manchester,Munich,280529,0,280529,1.0,0.0,,True,False,,
Manchester,Nicosia,197129,0,197129,1.0,0.0,,True,False,,
Manchester,Nottingham,93188,0,93188,1.0,0.0,,True,False,,
Manchester,Oslo,123974,0,123974,1.0,0.0,,True,False,,
Manchester,Palma,590275,0,590275,1.0,0.0,,True,False,,
Manchester,Paris,562435,0,562435,1.0,0.0,,True,False,,
Manchester,Porto,94357,0,94357,1.0,0.0,,True,False,,
Manchester,Prague,197218,0,197218,1.0,0.0,,True,False,,
Manchester,Riga,35019,0,35019,1.0,0.0,,True,False,,
Manchester,Rome,222351,0,222351,1.0,0.0,,True,False,,
Manchester,Seville,48600,0,48600,1.0,0.0,,True,False,,
Manchester,Stockholm,89718,0,89718,1.0,0.0,,True,False,,
Manchester,Strasbourg,64910,0,64910,1.0,0.0,,True,False,,
Manchester,Turin,16943,0,16943,1.0,0.0,,True,False,,
Manchester,Venice,143520,0,143520,1.0,0.0,,True,False,,
Manchester,Vienna,85035,0,85035,1.0,0.0,,True,False,,
Manchester,Zurich,126282,0,126282,1.0,0.0,,True,False,,
Marseille,Milan,89232,0,89232,1.0,0.0,386.8,True,False,,
Marseille,Munich,183837,0,183837,1.0,0.0,721.3,True,False,,
Marseille,Nice,0,4468360,4468360,0.0,1.0,158.6,False,True,117.0,44.3
Marseille,Nicosia,8693,0,8693,1.0,0.0,,True,False,,
Marseille,Nottingham,14246,0,14246,1.0,0.0,,True,False,,
Marseille,Palermo,11315,0,11315,1.0,0.0,885.0,True,False,,
Marseille,Palma,106010,0,106010,1.0,0.0,472.8,True,False,,
Marseille,Paris,1198253,2309830,3508083,0.3416,0.6584,660.5,True,True,174.0,22.9
Marseille,Porto,123328,0,123328,1.0,0.0,1175.2,True,False,,
Marseille,Prague,32661,0,32661,1.0,0.0,,True,False,,
Marseille,Rome,173718,0,173718,1.0,0.0,604.0,True,False,,
Marseille,Seville,58236,0,58236,1.0,0.0,1163.9,True,False,,
Marseille,Strasbourg,71935,0,71935,1.0,0.0,615.6,True,False,,
Marseille,Toulouse,55361,635455,690816,0.0801,0.9199,319.6,True,True,227.0,6.3
Marseille,Venice,70140,0,70140,1.0,0.0,601.4,True,False,,
Marseille,Vienna,54752,0,54752,1.0,0.0,1011.2,True,False,,
Marseille,Zurich,42043,0,42043,1.0,0.0,515.8,True,False,,
Milan,Munich,399572,0,399572,1.0,0.0,348.3,True,False,,
Milan,Naples,14406,58415,72821,0.1978,0.8022,657.5,True,True,608.0,1.0
Milan,Nicosia,62039,0,62039,1.0,0.0,,True,False,,
Milan,Nottingham,214143,0,214143,1.0,0.0,,True,False,,
Milan,Oslo,130029,0,130029,1.0,0.0,,True,False,,
Milan,Palermo,418277,0,418277,1.0,0.0,887.0,True,False,,
Milan,Palma,334347,0,334347,1.0,0.0,846.1,True,False,,
Milan,Paris,2081507,0,2081507,1.0,0.0,639.5,True,False,,
Milan,Porto,301117,0,301117,1.0,0.0,1514.4,True,False,,
Milan,Prague,415655,0,415655,1.0,0.0,,True,False,,
Milan,Riga,72374,0,72374,1.0,0.0,,True,False,,
Milan,Rome,1425619,22431206,23856825,0.0598,0.9402,478.6,True,True,170.0,384.0
Milan,Rotterdam,32563,0,32563,1.0,0.0,796.6,True,False,,
Milan,Seville,117019,0,117019,1.0,0.0,1546.9,True,False,,
Milan,Stockholm,219328,0,219328,1.0,0.0,,True,False,,
Milan,Strasbourg,61420,0,61420,1.0,0.0,363.7,True,False,,
Milan,Stuttgart,153065,0,153065,1.0,0.0,369.0,True,False,,
Milan,Tallinn,82439,0,82439,1.0,0.0,,True,False,,
Milan,Toulouse,37644,0,37644,1.0,0.0,647.5,True,False,,
Milan,Turin,35829,25013132,25048961,0.0014,0.9986,125.5,True,True,32.0,428.2
Milan,Venice,108469,4795500,4903969,0.0221,0.9779,245.2,True,True,119.0,123.9
Milan,Vienna,627461,0,627461,1.0,0.0,625.4,True,False,,
Milan,Vilnius,133253,0,133253,1.0,0.0,,True,False,,
Milan,Warsaw,217174,0,217174,1.0,0.0,,True,False,,
Milan,Zurich,336362,5490972,5827334,0.0577,0.9423,217.1,True,True,97.0,94.0
Munich,Nicosia,122940,0,122940,1.0,0.0,,True,False,,
Munich,Nottingham,22951,0,22951,1.0,0.0,,True,False,,
Munich,Nuremberg,0,11038958,11038958,0.0,1.0,150.9,False,True,65.0,250.8
Munich,Oslo,342034,0,342034,1.0,0.0,,True,False,,
Munich,Palermo,26838,0,26838,1.0,0.0,1123.6,True,False,,
Munich,Palma,611151,0,611151,1.0,0.0,1189.9,True,False,,
Munich,Paris,841574,0,841574,1.0,0.0,684.1,True,False,,
Munich,Porto,164180,0,164180,1.0,0.0,1768.9,True,False,,
Munich,Prague,204099,0,204099,1.0,0.0,,True,False,,
Munich,Riga,74400,0,74400,1.0,0.0,,True,False,,
Munich,Rome,542565,0,542565,1.0,0.0,698.3,True,False,,
Munich,Seville,81799,0,81799,1.0,0.0,1858.4,True,False,,
Munich,Stockholm,430136,0,430136,1.0,0.0,,True,False,,
Munich,Strasbourg,107503,0,107503,1.0,0.0,287.3,True,False,,
Munich,Stuttgart,209672,5528282,5737954,0.0365,0.9635,190.8,True,True,101.0,125.6
Munich,Tallinn,67183,0,67183,1.0,0.0,,True,False,,
Munich,Toulouse,250704,0,250704,1.0,0.0,931.3,True,False,,
Munich,Turin,104381,0,104381,1.0,0.0,452.2,True,False,,
Munich,Venice,213201,171658,384859,0.554,0.446,305.7,True,True,389.0,3.9
Munich,Vienna,460350,849489,1309839,0.3515,0.6485,355.7,True,True,226.0,19.3
Munich,Vilnius,42074,0,42074,1.0,0.0,,True,False,,
Munich,Warsaw,330935,0,330935,1.0,0.0,,True,False,,
Munich,Zurich,391176,0,391176,1.0,0.0,241.9,True,False,,
Murcia,Valencia,0,7009612,7009612,0.0,1.0,177.7,False,True,199.0,96.0
Nantes,Paris,0,7958321,7958321,0.0,1.0,342.4,False,True,114.0,78.9
Nantes,Strasbourg,0,15482,15482,0.0,1.0,709.2,False,True,357.0,0.4
Naples,Palermo,0,7009752,7009752,0.0,1.0,313.9,False,True,468.0,120.0
Naples,Paris,8505,0,8505,1.0,0.0,1291.2,True,False,,
Naples,Rome,0,60926428,60926428,0.0,1.0,186.7,False,True,55.0,1043.0
Nice,Paris,0,342944,342944,0.0,1.0,685.8,False,True,302.0,3.4
Nicosia,Nottingham,49213,0,49213,1.0,0.0,,True,False,,
Nicosia,Oslo,56840,0,56840,1.0,0.0,,True,False,,
Nicosia,Paris,85708,0,85708,1.0,0.0,,True,False,,
Nicosia,Prague,82580,0,82580,1.0,0.0,,True,False,,
Nicosia,Riga,20903,0,20903,1.0,0.0,,True,False,,
Nicosia,Rome,48603,0,48603,1.0,0.0,,True,False,,
Nicosia,Stockholm,88140,0,88140,1.0,0.0,,True,False,,
Nicosia,Strasbourg,13363,0,13363,1.0,0.0,,True,False,,
Nicosia,Stuttgart,16725,0,16725,1.0,0.0,,True,False,,
Nicosia,Venice,16084,0,16084,1.0,0.0,,True,False,,
Nicosia,Vienna,269591,0,269591,1.0,0.0,,True,False,,
Nicosia,Vilnius,32689,0,32689,1.0,0.0,,True,False,,
Nicosia,Warsaw,88031,0,88031,1.0,0.0,,True,False,,
Nicosia,Zurich,142320,0,142320,1.0,0.0,,True,False,,
Nottingham,Oslo,18063,0,18063,1.0,0.0,,True,False,,
Nottingham,Palma,242377,0,242377,1.0,0.0,,True,False,,
Nottingham,Paris,188887,0,188887,1.0,0.0,,True,False,,
Nottingham,Riga,20280,0,20280,1.0,0.0,,True,False,,
Nottingham,Rome,17370,0,17370,1.0,0.0,,True,False,,
Nottingham,Stuttgart,8355,0,8355,1.0,0.0,,True,False,,
Nottingham,Venice,23126,0,23126,1.0,0.0,,True,False,,
Nuremberg,Stuttgart,0,1016746,1016746,0.0,1.0,157.2,False,True,99.0,23.1
Nuremberg,Utrecht,0,88030,88030,0.0,1.0,510.9,False,True,477.0,2.0
Nuremberg,Vienna,0,334514,334514,0.0,1.0,411.4,False,True,316.0,7.6
Oslo,Palma,151373,0,151373,1.0,0.0,,True,False,,
Oslo,Paris,451500,0,451500,1.0,0.0,,True,False,,
Oslo,Porto,10010,0,10010,1.0,0.0,,True,False,,
Oslo,Prague,123370,0,123370,1.0,0.0,,True,False,,
Oslo,Riga,130838,0,130838,1.0,0.0,,True,False,,
Oslo,Rome,153338,0,153338,1.0,0.0,,True,False,,
Oslo,Stockholm,1320110,0,1320110,1.0,0.0,,True,False,,
Oslo,Tallinn,79622,0,79622,1.0,0.0,,True,False,,
Oslo,Venice,25263,0,25263,1.0,0.0,,True,False,,
Oslo,Vienna,132774,0,132774,1.0,0.0,,True,False,,
Oslo,Vilnius,138518,0,138518,1.0,0.0,,True,False,,
Oslo,Warsaw,193544,0,193544,1.0,0.0,,True,False,,
Oslo,Zurich,196024,0,196024,1.0,0.0,,True,False,,
Palermo,Paris,64509,0,64509,1.0,0.0,1485.0,True,False,,
Palermo,Rome,345312,0,345312,1.0,0.0,426.0,True,False,,
Palermo,Strasbourg,11373,0,11373,1.0,0.0,1248.5,True,False,,
Palermo,Turin,49809,0,49809,1.0,0.0,905.4,True,False,,
Palermo,Venice,86825,0,86825,1.0,0.0,818.5,True,False,,
Palermo,Vienna,13263,0,13263,1.0,0.0,1148.1,True,False,,
Palermo,Zurich,37253,0,37253,1.0,0.0,1100.6,True,False,,
Palma,Paris,425393,0,425393,1.0,0.0,1032.6,True,False,,
Palma,Porto,97556,0,97556,1.0,0.0,969.5,True,False,,
Palma,Prague,133544,0,133544,1.0,0.0,,True,False,,
Palma,Rome,110291,0,110291,1.0,0.0,869.5,True,False,,
Palma,Rotterdam,48501,0,48501,1.0,0.0,1380.8,True,False,,
Palma,Seville,382572,0,382572,1.0,0.0,788.7,True,False,,
Palma,Stockholm,257641,0,257641,1.0,0.0,,True,False,,
Palma,Strasbourg,212375,0,212375,1.0,0.0,1081.2,True,False,,
Palma,Stuttgart,470024,0,470024,1.0,0.0,1148.0,True,False,,
Palma,Toulouse,99752,0,99752,1.0,0.0,459.7,True,False,,
Palma,Venice,53930,0,53930,1.0,0.0,1026.2,True,False,,
Palma,Vienna,448590,0,448590,1.0,0.0,1456.2,True,False,,
Palma,Vilnius,8938,0,8938,1.0,0.0,,True,False,,
Palma,Warsaw,86503,0,86503,1.0,0.0,,True,False,,
Palma,Zurich,610856,0,610856,1.0,0.0,988.4,True,False,,
Paris,Porto,1493769,0,1493769,1.0,0.0,1212.8,True,False,,
Paris,Prague,578852,0,578852,1.0,0.0,,True,False,,
Paris,Riga,73117,0,73117,1.0,0.0,,True,False,,
Paris,Rome,1549847,0,1549847,1.0,0.0,1107.0,True,False,,
Paris,Seville,410245,0,410245,1.0,0.0,1441.2,True,False,,
Paris,Stockholm,605621,0,605621,1.0,0.0,,True,False,,
Paris,Strasbourg,190362,9036276,9226638,0.0206,0.9794,397.0,True,True,103.0,205.3
Paris,Stuttgart,107069,0,107069,1.0,0.0,499.8,True,False,,
Paris,Tallinn,48709,0,48709,1.0,0.0,,True,False,,
Paris,Toulouse,2300976,403464,2704440,0.8508,0.1492,587.8,True,True,423.0,4.0
Paris,Turin,93243,221905,315148,0.2959,0.7041,583.7,True,True,329.0,2.2
Paris,Venice,815235,0,815235,1.0,0.0,844.3,True,False,,
Paris,Vienna,756460,0,756460,1.0,0.0,1033.6,True,False,,
Paris,Vilnius,84275,0,84275,1.0,0.0,,True,False,,
Paris,Warsaw,565050,0,565050,1.0,0.0,,True,False,,
Paris,Zurich,432342,817014,1249356,0.3461,0.6539,489.0,True,True,244.0,8.1
Porto,Prague,23459,0,23459,1.0,0.0,,True,False,,
Porto,Rome,78659,0,78659,1.0,0.0,1756.0,True,False,,
Porto,Seville,54611,0,54611,1.0,0.0,476.3,True,False,,
Porto,Stockholm,7663,0,7663,1.0,0.0,,True,False,,
Porto,Strasbourg,181728,0,181728,1.0,0.0,1526.5,True,False,,
Porto,Stuttgart,32024,0,32024,1.0,0.0,1630.8,True,False,,
Porto,Toulouse,129159,0,129159,1.0,0.0,869.2,True,False,,
Porto,Venice,29125,0,29125,1.0,0.0,1755.2,True,False,,
Porto,Vienna,66575,0,66575,1.0,0.0,2113.8,True,False,,
Porto,Warsaw,18709,0,18709,1.0,0.0,,True,False,,
Porto,Zurich,336330,0,336330,1.0,0.0,1527.1,True,False,,
Prague,Riga,57325,0,57325,1.0,0.0,,True,False,,
Prague,Rome,280517,0,280517,1.0,0.0,,True,False,,
Prague,Seville,7792,0,7792,1.0,0.0,,True,False,,
Prague,Stockholm,128935,0,128935,1.0,0.0,,True,False,,
Prague,Strasbourg,53322,0,53322,1.0,0.0,,True,False,,
Prague,Stuttgart,8169,0,8169,1.0,0.0,,True,False,,
Prague,Toulouse,7619,0,7619,1.0,0.0,,True,False,,
Prague,Turin,18844,0,18844,1.0,0.0,,True,False,,
Prague,Venice,103523,0,103523,1.0,0.0,,True,False,,
Prague,Vienna,217352,0,217352,1.0,0.0,,True,False,,
Prague,Warsaw,241605,0,241605,1.0,0.0,,True,False,,
Prague,Zurich,244153,0,244153,1.0,0.0,,True,False,,
Riga,Rome,47826,0,47826,1.0,0.0,,True,False,,
Riga,Stockholm,170470,0,170470,1.0,0.0,,True,False,,
Riga,Stuttgart,19460,0,19460,1.0,0.0,,True,False,,
Riga,Tallinn,197711,0,197711,1.0,0.0,,True,False,,
Riga,Venice,24524,0,24524,1.0,0.0,,True,False,,
Riga,Vienna,100764,0,100764,1.0,0.0,,True,False,,
Riga,Vilnius,178276,0,178276,1.0,0.0,,True,False,,
Riga,Warsaw,56172,0,56172,1.0,0.0,,True,False,,
Riga,Zurich,39803,0,39803,1.0,0.0,,True,False,,
Rome,Rotterdam,38573,0,38573,1.0,0.0,1269.6,True,False,,
Rome,Seville,104515,0,104515,1.0,0.0,1656.5,True,False,,
Rome,Stockholm,200200,0,200200,1.0,0.0,,True,False,,
Rome,Strasbourg,128020,0,128020,1.0,0.0,832.0,True,False,,
Rome,Stuttgart,71112,0,71112,1.0,0.0,809.1,True,False,,
Rome,Tallinn,37061,0,37061,1.0,0.0,,True,False,,
Rome,Toulouse,38134,0,38134,1.0,0.0,922.8,True,False,,
Rome,Turin,262080,58415,320495,0.8177,0.1823,525.6,True,True,520.0,1.0
Rome,Venice,373619,7769142,8142761,0.0459,0.9541,394.5,True,True,181.0,133.0
Rome,Vienna,433098,0,433098,1.0,0.0,764.8,True,False,,
Rome,Vilnius,57241,0,57241,1.0,0.0,,True,False,,
Rome,Warsaw,162955,0,162955,1.0,0.0,,True,False,,
Rome,Zurich,389587,0,389587,1.0,0.0,684.5,True,False,,
Rotterdam,The Hague,0,14101887,14101887,0.0,1.0,21.1,False,True,2.0,414.0
Rotterdam,Utrecht,0,9731665,9731665,0.0,1.0,47.8,False,True,8.0,285.7
Rotterdam,Vienna,7118,0,7118,1.0,0.0,942.5,True,False,,
Rotterdam,Zurich,13218,0,13218,1.0,0.0,585.1,True,False,,
Seville,Toulouse,47386,0,47386,1.0,0.0,933.0,True,False,,
Seville,Turin,22283,0,22283,1.0,0.0,1423.6,True,False,,
Seville,Valencia,0,73017,73017,0.0,1.0,539.7,False,True,260.0,1.0
Seville,Venice,41037,0,41037,1.0,0.0,1763.9,True,False,,
Seville,Vienna,35660,0,35660,1.0,0.0,2172.1,True,False,,
Seville,Warsaw,12367,0,12367,1.0,0.0,,True,False,,
Seville,Zurich,25488,0,25488,1.0,0.0,1624.7,True,False,,
Stockholm,Stuttgart,25928,0,25928,1.0,0.0,,True,False,,
Stockholm,Tallinn,212786,0,212786,1.0,0.0,,True,False,,
Stockholm,Turin,22706,0,22706,1.0,0.0,,True,False,,
Stockholm,Venice,34442,0,34442,1.0,0.0,,True,False,,
Stockholm,Vienna,350345,0,350345,1.0,0.0,,True,False,,
Stockholm,Vilnius,82253,0,82253,1.0,0.0,,True,False,,
Stockholm,Warsaw,164533,0,164533,1.0,0.0,,True,False,,
Stockholm,Zurich,354333,0,354333,1.0,0.0,,True,False,,
Strasbourg,Stuttgart,11586,594202,605788,0.0191,0.9809,107.4,True,True,70.0,13.5
Strasbourg,Toulouse,122841,0,122841,1.0,0.0,736.2,True,False,,
Strasbourg,Venice,35988,0,35988,1.0,0.0,493.2,True,False,,
Strasbourg,Vienna,102571,0,102571,1.0,0.0,637.9,True,False,,
Strasbourg,Warsaw,37852,0,37852,1.0,0.0,,True,False,,
Strasbourg,Zurich,89461,350488,439949,0.2033,0.7967,148.0,True,True,124.0,6.0
Stuttgart,Venice,28620,0,28620,1.0,0.0,441.9,True,False,,
Stuttgart,Vienna,315767,0,315767,1.0,0.0,533.8,True,False,,
Stuttgart,Warsaw,40865,0,40865,1.0,0.0,,True,False,,
Stuttgart,Zurich,147318,0,147318,1.0,0.0,164.2,True,False,,
Tallinn,Venice,33480,0,33480,1.0,0.0,,True,False,,
Tallinn,Vienna,48518,0,48518,1.0,0.0,,True,False,,
Tallinn,Vilnius,79524,0,79524,1.0,0.0,,True,False,,
Tallinn,Warsaw,164761,0,164761,1.0,0.0,,True,False,,
Tallinn,Zurich,40854,0,40854,1.0,0.0,,True,False,,
Toulouse,Venice,43327,0,43327,1.0,0.0,886.3,True,False,,
Turin,Venice,5880,0,5880,1.0,0.0,365.9,True,False,,
Turin,Vilnius,15750,0,15750,1.0,0.0,,True,False,,
Turin,Warsaw,7452,0,7452,1.0,0.0,,True,False,,
Venice,Vienna,327085,0,327085,1.0,0.0,435.1,True,False,,
Venice,Vilnius,29178,0,29178,1.0,0.0,,True,False,,
Venice,Warsaw,59929,0,59929,1.0,0.0,,True,False,,
Venice,Zurich,222167,0,222167,1.0,0.0,360.7,True,False,,
Vienna,Vilnius,61639,0,61639,1.0,0.0,,True,False,,
Vienna,Warsaw,337617,0,337617,1.0,0.0,,True,False,,
Vienna,Zurich,698231,116114,814345,0.8574,0.1426,591.6,True,True,592.0,3.0
Vilnius,Warsaw,227566,0,227566,1.0,0.0,,True,False,,
Vilnius,Zurich,28845,0,28845,1.0,0.0,,True,False,,
Warsaw,Zurich,284281,0,284281,1.0,0.0,,True,False,,
