from_city,to_city,operator,travel_time_min,frequency_per_day,night_train,iso_code,capacity_seats,avg_pass_per_train_km_eurostat,load_factor_implied,distance_km,rail_demand_proxy,fallback_used
Amsterdam,Berlin,Netherlands,463,0.0,False,NL(fallback=EU_median),290,93.32,0.3218,577.4,0.0,True
Amsterdam,Rotterdam,Netherlands,27,103.7,False,NL(fallback=EU_median),290,93.32,0.3218,57.5,556458.1,True
Amsterdam,The Hague,Netherlands,6,253.7,False,NL(fallback=EU_median),290,93.32,0.3218,52.1,1233513.9,True
Amsterdam,Utrecht,Germany,2,454.5,True,DE,490,120.59,0.2461,35.2,1929297.6,False
Antwerp,Brussels,Netherlands,1,58.0,False,NL(fallback=EU_median),290,93.32,0.3218,41.3,223544.5,True
Antwerp,Lille,Belgium,56,0.0,False,BE(fallback=EU_median),350,93.32,0.2666,114.6,0.0,True
Antwerp,Rotterdam,Netherlands,27,75.89999999999999,True,NL(fallback=EU_median),290,93.32,0.3218,78.3,554612.2,True
Barcelona,Bilbao,Spain,423,1.0,False,ES,330,200.06,0.6062,466.9,93407.0,False
Barcelona,Granada,Spain,386,1.0,False,ES,330,200.06,0.6062,681.2,136279.4,False
Barcelona,Lyon,Spain,306,5.0,False,ES,330,200.06,0.6062,531.0,531153.6,False
Barcelona,Madrid,Spain,181,116.0,False,ES,330,200.06,0.6062,504.2,11700823.7,False
Barcelona,Malaga,Spain,384,2.0,False,ES,330,200.06,0.6062,769.1,307729.0,False
Barcelona,Marseille,Spain,295,51.0,False,ES,330,200.06,0.6062,339.3,3461861.1,False
Barcelona,Paris,France,406,2.5,False,FR,450,276.35,0.6141,830.2,573566.2,False
Barcelona,Seville,Spain,370,2.0,False,ES,330,200.06,0.6062,828.2,331375.8,False
Barcelona,Valencia,Spain,167,26.0,False,ES,330,200.06,0.6062,302.5,1573455.0,False
Berlin,Amsterdam,Netherlands,507,0.0,False,NL(fallback=EU_median),290,93.32,0.3218,577.4,0.0,True
Berlin,Bremen,Netherlands,209,0.3,False,NL(fallback=EU_median),290,93.32,0.3218,315.4,8830.2,True
Berlin,Dortmund,Germany,256,0.3,True,DE,490,120.59,0.2461,421.8,15259.9,False
Berlin,Dresden,Germany,85,28.6,False,DE,490,120.59,0.2461,165.4,570458.7,False
Berlin,Frankfurt,Germany,215,29.6,False,DE,490,120.59,0.2461,423.7,1512421.5,False
Berlin,Hamburg,Germany,95,45.8,False,DE,490,120.59,0.2461,255.4,1410616.8,False
Berlin,Hannover,Germany,78,117.4,True,DE,490,120.59,0.2461,249.8,3536577.7,False
Berlin,Leipzig,Germany,69,65.7,True,DE,490,120.59,0.2461,149.8,1186861.0,False
Berlin,Nuremberg,Germany,158,63.4,True,DE,490,120.59,0.2461,378.4,2893097.4,False
Berlin,Utrecht,Netherlands,300,3.8,False,NL(fallback=EU_median),290,93.32,0.3218,565.2,200434.1,True
Bilbao,Barcelona,Spain,431,145.0,False,ES,330,200.06,0.6062,466.9,13544016.7,False
Bilbao,Madrid,Spain,253,8.0,False,ES,330,200.06,0.6062,323.0,516949.5,False
Bordeaux,Nantes,France,236,4.0,False,FR,450,276.35,0.6141,274.7,303654.3,False
Bordeaux,Paris,France,123,67.4,False,FR,450,276.35,0.6141,498.6,9286947.1,False
Bordeaux,Strasbourg,Switzerland,403,1.6,False,CH,400,106.06,0.2651,758.4,128696.8,False
Bordeaux,Toulouse,France,146,13.1,False,FR,450,276.35,0.6141,212.0,767481.6,False
Bremen,Berlin,Netherlands,200,0.3,False,NL(fallback=EU_median),290,93.32,0.3218,315.4,8830.2,True
Bremen,Cologne,Germany,196,0.3,True,DE,490,120.59,0.2461,270.0,9768.0,False
Bremen,Dortmund,Germany,99,52.9,True,DE,490,120.59,0.2461,196.1,1250996.0,False
Bremen,Essen,Germany,118,0.4,True,DE,490,120.59,0.2461,217.6,10496.4,False
Bremen,Hamburg,Germany,30,111.5,True,DE,490,120.59,0.2461,94.8,1274693.8,False
Bremen,Hannover,Germany,39,78.1,True,DE,490,120.59,0.2461,100.2,943716.2,False
Bremen,Utrecht,Netherlands,211,0.9,False,NL(fallback=EU_median),290,93.32,0.3218,272.0,22845.3,True
Brussels,Antwerp,Netherlands,1,58.7,True,NL(fallback=EU_median),290,93.32,0.3218,41.3,226242.4,True
Brussels,Cologne,Austria,158,4.1,True,AT,350,107.15,0.3061,182.7,80259.4,False
Brussels,Liege,Germany,25,27.8,True,DE,490,120.59,0.2461,89.1,298706.8,False
Brussels,Lille,France,30,22.7,False,FR,450,276.35,0.6141,94.2,590932.1,False
Brussels,London,Netherlands,125,1.4,False,NL(fallback=EU_median),290,93.32,0.3218,320.3,41847.6,True
Brussels,Munich,Austria,637,0.6,True,AT,350,107.15,0.3061,602.5,38733.1,False
Brussels,Paris,Germany,75,54.900000000000006,False,DE,490,120.59,0.2461,264.3,1749815.2,False
Brussels,Rotterdam,Netherlands,79,8.7,False,NL(fallback=EU_median),290,93.32,0.3218,119.5,97022.6,True
Cologne,Amsterdam,Switzerland,354,0.1,True,CH,400,106.06,0.2651,214.1,2270.7,False
Cologne,Brussels,Austria,171,3.4,False,AT,350,107.15,0.3061,182.7,66556.6,False
Cologne,Duisburg,Germany,38,7.9,True,DE,490,120.59,0.2461,57.0,54303.1,False
Cologne,Dusseldorf,Germany,2,488.7000000000001,True,DE,490,120.59,0.2461,34.4,2027325.4,False
Cologne,Frankfurt,Germany,37,179.1,True,DE,490,120.59,0.2461,152.6,3295890.6,False
Cologne,Liege,Germany,51,26.0,False,DE,490,120.59,0.2461,102.7,322007.9,False
Cologne,Munich,Germany,409,6.0,True,DE,490,120.59,0.2461,456.0,329942.9,False
Cologne,Strasbourg,Germany,260,0.9,True,DE,490,120.59,0.2461,267.4,29021.9,False
Cologne,Stuttgart,Germany,169,18.0,False,DE,490,120.59,0.2461,287.5,624069.6,False
Cologne,Utrecht,Netherlands,161,0.4,False,NL(fallback=EU_median),290,93.32,0.3218,180.4,6734.1,True
Cologne,Zurich,Switzerland,481,0.1,False,CH,400,106.06,0.2651,413.3,4383.4,False
Dortmund,Berlin,Germany,186,1.0,True,DE,490,120.59,0.2461,421.8,50866.2,False
Dortmund,Bremen,Germany,105,48.9,True,DE,490,120.59,0.2461,196.1,1156402.8,False
Dortmund,Duisburg,Netherlands,35,0.8,False,NL(fallback=EU_median),290,93.32,0.3218,49.4,3688.1,True
Dortmund,Essen,Germany,4,785.7,True,DE,490,120.59,0.2461,32.1,3041476.4,False
Dortmund,Frankfurt,Germany,136,6.4,False,DE,490,120.59,0.2461,177.6,137071.0,False
Dortmund,Hannover,Germany,81,63.0,True,DE,490,120.59,0.2461,182.2,1384240.6,False
Dortmund,Leipzig,Germany,261,1.1,False,DE,490,120.59,0.2461,340.6,45181.4,False
Dortmund,Munich,Netherlands,477,2.1,True,NL(fallback=EU_median),290,93.32,0.3218,477.3,93539.8,True
Dortmund,Nuremberg,Germany,313,16.5,True,DE,490,120.59,0.2461,343.1,682696.0,False
Dortmund,Utrecht,Netherlands,165,0.2,False,NL(fallback=EU_median),290,93.32,0.3218,173.4,3236.4,True
Dresden,Berlin,Germany,82,26.3,False,DE,490,120.59,0.2461,165.4,524582.7,False
Dresden,Leipzig,Germany,41,66.7,True,DE,490,120.59,0.2461,100.5,808378.2,False
Duisburg,Cologne,Germany,43,5.1,True,DE,490,120.59,0.2461,57.0,35056.4,False
Duisburg,Dortmund,Germany,25,2.7,True,DE,490,120.59,0.2461,49.4,16084.7,False
Duisburg,Dusseldorf,Germany,4,582.3,True,DE,490,120.59,0.2461,23.3,1636158.5,False
Duisburg,Essen,Germany,3,557.2,True,DE,490,120.59,0.2461,17.3,1162465.0,False
Duisburg,Utrecht,Germany,85,8.4,True,DE,490,120.59,0.2461,134.7,136448.7,False
Dusseldorf,Cologne,Germany,3,501.4,True,DE,490,120.59,0.2461,34.4,2080010.1,False
Dusseldorf,Dortmund,Germany,59,0.1,False,DE,490,120.59,0.2461,57.7,695.8,False
Dusseldorf,Duisburg,Germany,3,602.8000000000001,True,DE,490,120.59,0.2461,23.3,1693759.9,False
Dusseldorf,Essen,Germany,3,224.9,False,DE,490,120.59,0.2461,30.6,829914.9,False
Dusseldorf,Utrecht,Netherlands,108,1.5,False,NL(fallback=EU_median),290,93.32,0.3218,149.6,20941.5,True
Essen,Bremen,Germany,118,0.7,False,DE,490,120.59,0.2461,217.6,18368.7,False
Essen,Cologne,Germany,54,2.4,True,DE,490,120.59,0.2461,58.3,16873.4,False
Essen,Dortmund,Germany,4,770.2,True,DE,490,120.59,0.2461,32.1,2981475.3,False
Essen,Duisburg,Germany,4,542.1999999999999,True,DE,490,120.59,0.2461,17.3,1131171.1,False
Essen,Dusseldorf,Germany,3,255.8,True,DE,490,120.59,0.2461,30.6,943940.5,False
Essen,Hamburg,Germany,167,2.0,False,DE,490,120.59,0.2461,308.0,74285.4,False
Essen,Hannover,Germany,137,2.9,False,DE,490,120.59,0.2461,212.5,74315.5,False
Frankfurt,Berlin,Germany,220,34.0,True,DE,490,120.59,0.2461,423.7,1737240.9,False
Frankfurt,Cologne,Germany,41,183.7,True,DE,490,120.59,0.2461,152.6,3380542.2,False
Frankfurt,Dortmund,Germany,139,7.4,False,DE,490,120.59,0.2461,177.6,158488.4,False
Frankfurt,Dusseldorf,Germany,196,0.6,True,DE,490,120.59,0.2461,182.2,13183.2,False
Frankfurt,Hannover,Germany,127,90.9,True,DE,490,120.59,0.2461,261.2,2863253.0,False
Frankfurt,Leipzig,Germany,174,58.3,True,DE,490,120.59,0.2461,293.0,2059960.3,False
Frankfurt,Munich,Germany,380,0.1,True,DE,490,120.59,0.2461,304.3,3669.6,False
Frankfurt,Nuremberg,Germany,107,62.4,False,DE,490,120.59,0.2461,186.9,1406425.0,False
Frankfurt,Paris,France,233,3.5,False,FR,450,276.35,0.6141,478.5,462818.6,False
Frankfurt,Strasbourg,Germany,99,61.5,True,DE,490,120.59,0.2461,183.4,1360182.3,False
Frankfurt,Stuttgart,Germany,74,129.6,True,DE,490,120.59,0.2461,152.5,2383403.2,False
Geneva,Lyon,France,71,60.2,False,FR,450,276.35,0.6141,112.2,1866595.2,False
Geneva,Milan,Italy,253,15.0,False,IT,400,160.06,0.4001,249.7,599487.7,False
Geneva,Paris,France,158,68.2,False,FR,450,276.35,0.6141,410.0,7727322.4,False
Geneva,Zurich,Switzerland,165,183.4,False,CH,400,106.06,0.2651,224.2,4360983.3,False
Genoa,Milan,Italy,39,323.0,False,IT,400,160.06,0.4001,119.4,6172730.9,False
Genoa,Nice,Italy,61,133.0,False,IT,400,160.06,0.4001,155.2,3303800.8,False
Genoa,Rome,Italy,225,153.0,False,IT,400,160.06,0.4001,402.2,9849268.8,False
Genoa,Turin,Italy,32,265.0,False,IT,400,160.06,0.4001,123.9,5255181.0,False
Granada,Barcelona,Spain,388,1.0,False,ES,330,200.06,0.6062,681.2,136279.4,False
Granada,Madrid,Spain,202,14.0,False,ES,330,200.06,0.6062,359.1,1005770.9,False
Granada,Malaga,Spain,84,3.0,False,ES,330,200.06,0.6062,89.1,53475.5,False
Granada,Seville,Spain,160,5.0,False,ES,330,200.06,0.6062,210.5,210560.9,False
Hamburg,Berlin,Germany,92,46.1,False,DE,490,120.59,0.2461,255.4,1419856.6,False
Hamburg,Bremen,Germany,32,113.7,True,DE,490,120.59,0.2461,94.8,1299844.7,False
Hamburg,Essen,Germany,169,2.0,False,DE,490,120.59,0.2461,308.0,74285.4,False
Hamburg,Hannover,Germany,72,116.9,True,DE,490,120.59,0.2461,132.4,1866487.9,False
Hamburg,Munich,Austria,535,2.3,True,AT,350,107.15,0.3061,612.1,150842.6,False
Hamburg,Nuremberg,Austria,393,32.9,True,AT,350,107.15,0.3061,461.6,1627179.2,False
Hamburg,Utrecht,Netherlands,270,1.2,False,NL(fallback=EU_median),290,93.32,0.3218,365.2,40897.6,True
Hamburg,Zurich,Switzerland,736,0.3,True,CH,400,106.06,0.2651,695.1,22116.6,False
Hannover,Berlin,Germany,76,125.2,True,DE,490,120.59,0.2461,249.8,3771546.2,False
Hannover,Bremen,Germany,39,78.3,True,DE,490,120.59,0.2461,100.2,946132.9,False
Hannover,Dortmund,Germany,78,69.0,True,DE,490,120.59,0.2461,182.2,1516073.1,False
Hannover,Frankfurt,Germany,128,87.4,True,DE,490,120.59,0.2461,261.2,2753006.8,False
Hannover,Hamburg,Germany,67,117.9,True,DE,490,120.59,0.2461,132.4,1882454.4,False
Hannover,Leipzig,Germany,138,31.9,False,DE,490,120.59,0.2461,214.4,824780.0,False
Hannover,Munich,Germany,266,2.7,True,DE,490,120.59,0.2461,488.5,159056.3,False
Hannover,Nuremberg,Germany,172,51.0,True,DE,490,120.59,0.2461,337.7,2076939.8,False
Hannover,Strasbourg,Germany,364,0.1,True,DE,490,120.59,0.2461,443.9,5353.1,False
Hannover,Utrecht,Netherlands,242,0.5,False,NL(fallback=EU_median),290,93.32,0.3218,315.5,14721.6,True
Hannover,Zurich,Switzerland,600,0.1,False,CH,400,106.06,0.2651,562.8,5969.0,False
Leipzig,Berlin,Germany,67,66.9,True,DE,490,120.59,0.2461,149.8,1208538.8,False
Leipzig,Dortmund,Germany,271,2.0,False,DE,490,120.59,0.2461,340.6,82148.1,False
Leipzig,Dresden,Germany,43,81.9,True,DE,490,120.59,0.2461,100.5,992596.3,False
Leipzig,Frankfurt,Germany,180,59.7,True,DE,490,120.59,0.2461,293.0,2109427.6,False
Leipzig,Hannover,Germany,141,31.4,False,DE,490,120.59,0.2461,214.4,811852.4,False
Leipzig,Munich,Germany,245,0.1,False,DE,490,120.59,0.2461,360.6,4348.6,False
Leipzig,Nuremberg,Germany,110,31.9,True,DE,490,120.59,0.2461,228.8,880175.7,False
Leipzig,Strasbourg,Germany,444,2.1,True,DE,490,120.59,0.2461,450.8,114163.1,False
Leipzig,Zurich,Switzerland,705,0.3,True,CH,400,106.06,0.2651,521.2,16583.5,False
Liege,Antwerp,Belgium,55,0.0,False,BE(fallback=EU_median),350,93.32,0.2666,104.6,0.0,True
Liege,Brussels,Germany,23,27.0,False,DE,490,120.59,0.2461,89.1,290111.0,False
Liege,Cologne,Germany,44,27.0,True,DE,490,120.59,0.2461,102.7,334392.8,False
Liege,Dusseldorf,Germany,74,0.1,False,DE,490,120.59,0.2461,107.3,1294.0,False
Liege,Lille,Belgium,132,0.0,False,BE(fallback=EU_median),350,93.32,0.2666,177.2,0.0,True
Liege,Utrecht,Netherlands,109,34.1,False,NL(fallback=EU_median),290,93.32,0.3218,164.9,524760.2,True
Lille,Antwerp,Belgium,55,0.0,False,BE(fallback=EU_median),350,93.32,0.2666,114.6,0.0,True
Lille,Brussels,France,26,21.8,False,FR,450,276.35,0.6141,94.2,567503.0,False
Lille,Liege,Belgium,133,0.0,False,BE(fallback=EU_median),350,93.32,0.2666,177.2,0.0,True
Lille,London,Netherlands,86,12.9,False,NL(fallback=EU_median),290,93.32,0.3218,242.6,292056.2,True
Lille,Paris,France,49,145.60000000000002,False,FR,450,276.35,0.6141,204.4,8224378.1,False
Lisbon,Porto,Portugal,151,17.6,False,PT,250,179.53,0.7181,273.4,863879.1,False
London,Brussels,Netherlands,109,3.4,False,NL(fallback=EU_median),290,93.32,0.3218,320.3,101630.0,True
London,Lille,Netherlands,80,10.8,False,NL(fallback=EU_median),290,93.32,0.3218,242.6,244512.1,True
London,Paris,Eurostar,137,16.6,False,EU_avg(fallback=EU_median),400,93.32,0.2333,343.8,532598.4,True
Lyon,Barcelona,Spain,288,3.0,False,ES,330,200.06,0.6062,531.0,318692.2,False
Lyon,Geneva,France,71,54.1,False,FR,450,276.35,0.6141,112.2,1677455.2,False
Lyon,Marseille,Germany,70,223.1,False,DE,490,120.59,0.2461,275.9,7422905.7,False
Lyon,Nantes,France,402,18.1,False,FR,450,276.35,0.6141,516.4,2583007.2,False
Lyon,Paris,France,111,492.0,True,FR,450,276.35,0.6141,393.2,53461287.6,False
Lyon,Strasbourg,Germany,217,94.4,False,DE,490,120.59,0.2461,383.8,4369177.0,False
Lyon,Toulouse,France,245,30.2,False,FR,450,276.35,0.6141,359.6,3001148.1,False
Lyon,Turin,Italy,234,14.0,False,IT,400,160.06,0.4001,234.1,524565.8,False
Madrid,Barcelona,Spain,182,356.0,False,ES,330,200.06,0.6062,504.2,35909424.4,False
Madrid,Bilbao,Spain,259,8.0,False,ES,330,200.06,0.6062,323.0,516949.5,False
Madrid,Granada,Spain,194,7.0,False,ES,330,200.06,0.6062,359.1,502885.4,False
Madrid,Malaga,Spain,159,45.0,False,ES,330,200.06,0.6062,415.7,3742382.2,False
Madrid,Murcia,Spain,149,10.0,False,ES,330,200.06,0.6062,349.4,699002.1,False
Madrid,Seville,Spain,153,72.0,False,ES,330,200.06,0.6062,390.3,5621945.8,False
Madrid,Valencia,Spain,114,89.0,False,ES,330,200.06,0.6062,302.0,5377155.0,False
Malaga,Barcelona,Spain,363,2.0,False,ES,330,200.06,0.6062,769.1,307729.0,False
Malaga,Granada,Spain,77,3.0,False,ES,330,200.06,0.6062,89.1,53475.5,False
Malaga,Madrid,Spain,159,47.0,False,ES,330,200.06,0.6062,415.7,3908710.3,False
Malaga,Seville,Spain,122,20.0,False,ES,330,200.06,0.6062,156.3,625380.9,False
Marseille,Barcelona,Spain,261,10.0,False,ES,330,200.06,0.6062,339.3,678796.3,False
Marseille,Lyon,Germany,69,194.2,True,DE,490,120.59,0.2461,275.9,6461354.9,False
Marseille,Nice,France,117,36.2,True,FR,450,276.35,0.6141,158.6,1586618.7,False
Marseille,Paris,France,178,18.0,True,FR,450,276.35,0.6141,660.5,3285535.2,False
Marseille,Toulouse,France,227,6.3,False,FR,450,276.35,0.6141,319.6,556426.9,False
Milan,Geneva,Switzerland,252,22.1,False,CH,400,106.06,0.2651,249.7,585275.4,False
Milan,Genoa,Italy,39,230.0,False,IT,400,160.06,0.4001,119.4,4395443.0,False
Milan,Rome,Italy,170,384.0,False,IT,400,160.06,0.4001,478.6,29415376.6,False
Milan,Turin,Italy,32,416.2,False,IT,400,160.06,0.4001,125.5,8360430.0,False
Milan,Venice,Switzerland,119,123.9,False,CH,400,106.06,0.2651,245.2,3222116.6,False
Milan,Zurich,Italy,97,94.0,False,IT,400,160.06,0.4001,217.1,3266315.8,False
Munich,Berlin,Germany,281,0.1,False,DE,490,120.59,0.2461,504.9,6088.7,False
Munich,Cologne,Germany,389,4.6,True,DE,490,120.59,0.2461,456.0,252956.2,False
Munich,Dortmund,Austria,450,0.7,True,AT,350,107.15,0.3061,477.3,35798.4,False
Munich,Frankfurt,Germany,322,0.1,True,DE,490,120.59,0.2461,304.3,3669.6,False
Munich,Hamburg,Austria,559,3.0,True,AT,350,107.15,0.3061,612.1,196751.2,False
Munich,Hannover,Germany,267,2.7,True,DE,490,120.59,0.2461,488.5,159056.3,False
Munich,Nuremberg,Germany,65,242.2,True,DE,490,120.59,0.2461,150.9,4407436.4,False
Munich,Stuttgart,Germany,104,123.0,True,DE,490,120.59,0.2461,190.8,2830128.5,False
Munich,Venice,Germany,389,3.1,False,DE,490,120.59,0.2461,305.7,114282.5,False
Munich,Vienna,Germany,228,10.4,True,DE,490,120.59,0.2461,355.7,446107.9,False
Murcia,Madrid,Spain,152,12.0,False,ES,330,200.06,0.6062,349.4,838802.6,False
Murcia,Valencia,Spain,199,47.0,False,ES,330,200.06,0.6062,177.7,1670863.2,False
Nantes,Bordeaux,France,237,4.0,False,FR,450,276.35,0.6141,274.7,303654.3,False
Nantes,Lyon,France,398,22.2,False,FR,450,276.35,0.6141,516.4,3168108.2,False
Nantes,Paris,France,114,78.9,False,FR,450,276.35,0.6141,342.4,7465717.7,False
Nantes,Strasbourg,Switzerland,357,0.4,False,CH,400,106.06,0.2651,709.2,30087.0,False
Naples,Milan,Italy,608,1.0,False,IT,400,160.06,0.4001,657.5,105236.5,False
Naples,Palermo,Italy,474,101.0,False,IT,400,160.06,0.4001,313.9,5074382.3,False
Naples,Rome,Italy,55,1043.0,False,IT,400,160.06,0.4001,186.7,31167295.7,False
Nice,Genoa,Italy,60,172.0,False,IT,400,160.06,0.4001,155.2,4272584.5,False
Nice,Lyon,France,304,0.0,False,FR,450,276.35,0.6141,297.0,0.0,False
Nice,Marseille,France,121,44.3,True,FR,450,276.35,0.6141,158.6,1941635.5,False
Nice,Paris,France,304,2.0,False,FR,450,276.35,0.6141,685.8,379042.8,False
Nuremberg,Berlin,Germany,156,62.4,True,DE,490,120.59,0.2461,378.4,2847465.0,False
Nuremberg,Dortmund,Germany,238,15.5,True,DE,490,120.59,0.2461,343.1,641320.4,False
Nuremberg,Duisburg,Germany,387,0.3,True,DE,490,120.59,0.2461,376.3,13613.8,False
Nuremberg,Frankfurt,Germany,105,66.3,True,DE,490,120.59,0.2461,186.9,1494326.5,False
Nuremberg,Hamburg,Austria,339,28.9,True,AT,350,107.15,0.3061,461.6,1429345.8,False
Nuremberg,Hannover,Germany,164,52.3,True,DE,490,120.59,0.2461,337.7,2129881.4,False
Nuremberg,Leipzig,Germany,105,37.4,True,DE,490,120.59,0.2461,228.8,1031930.1,False
Nuremberg,Munich,Germany,68,250.8,True,DE,490,120.59,0.2461,150.9,4563934.9,False
Nuremberg,Stuttgart,Germany,103,23.1,False,DE,490,120.59,0.2461,157.2,437912.4,False
Nuremberg,Vienna,Germany,352,6.2,True,DE,490,120.59,0.2461,411.4,307594.6,False
Palermo,Naples,Italy,468,120.0,False,IT,400,160.06,0.4001,313.9,6028969.1,False
Paris,Barcelona,France,407,2.5,False,FR,450,276.35,0.6141,830.2,573566.2,False
Paris,Bordeaux,France,120,58.6,False,FR,450,276.35,0.6141,498.6,8074408.0,False
Paris,Brussels,Germany,78,56.6,False,DE,490,120.59,0.2461,264.3,1803998.9,False
Paris,Frankfurt,France,233,3.7,False,FR,450,276.35,0.6141,478.5,489265.4,False
Paris,Geneva,France,158,63.8,True,FR,450,276.35,0.6141,410.0,7228785.5,False
Paris,Lille,France,55,132.39999999999998,False,FR,450,276.35,0.6141,204.4,7478761.4,False
Paris,London,Eurostar,120,17.1,False,EU_avg(fallback=EU_median),400,93.32,0.2333,343.8,548640.5,True
Paris,Lyon,France,106,557.0,False,FR,450,276.35,0.6141,393.2,60524262.6,False
Paris,Marseille,France,174,22.9,True,FR,450,276.35,0.6141,660.5,4179930.9,False
Paris,Nantes,France,117,78.0,False,FR,450,276.35,0.6141,342.4,7380557.4,False
Paris,Nice,France,302,3.4,True,FR,450,276.35,0.6141,685.8,644372.8,False
Paris,Strasbourg,Germany,103,205.3,False,DE,490,120.59,0.2461,397.0,9828836.9,False
Paris,Toulouse,France,424,4.0,True,FR,450,276.35,0.6141,587.8,649756.1,False
Paris,Turin,France,329,2.2,False,FR,450,276.35,0.6141,583.7,354873.2,False
Paris,Zurich,France,244,7.5,False,FR,450,276.35,0.6141,489.0,1013516.7,False
Porto,Lisbon,Portugal,158,20.6,False,PT,250,179.53,0.7181,273.4,1011131.2,False
Rome,Genoa,Italy,207,149.0,False,IT,400,160.06,0.4001,402.2,9591771.6,False
Rome,Milan,Italy,172,345.0,False,IT,400,160.06,0.4001,478.6,26427877.4,False
Rome,Naples,Italy,56,983.0,False,IT,400,160.06,0.4001,186.7,29374354.4,False
Rome,Turin,Italy,520,1.0,False,IT,400,160.06,0.4001,525.6,84125.1,False
Rome,Venice,Italy,183,106.0,False,IT,400,160.06,0.4001,394.5,6693039.2,False
Rotterdam,Amsterdam,Netherlands,26,104.6,False,NL(fallback=EU_median),290,93.32,0.3218,57.5,561287.5,True
Rotterdam,Antwerp,Netherlands,29,74.3,False,NL(fallback=EU_median),290,93.32,0.3218,78.3,542920.8,True
Rotterdam,Brussels,Netherlands,70,8.6,False,NL(fallback=EU_median),290,93.32,0.3218,119.5,95907.4,True
Rotterdam,The Hague,Netherlands,3,414.0,True,NL(fallback=EU_median),290,93.32,0.3218,21.1,815208.4,True
Rotterdam,Utrecht,Netherlands,8,284.4,False,NL(fallback=EU_median),290,93.32,0.3218,47.8,1268654.5,True
Seville,Barcelona,Spain,348,2.0,False,ES,330,200.06,0.6062,828.2,331375.8,False
Seville,Granada,Spain,152,4.0,False,ES,330,200.06,0.6062,210.5,168448.7,False
Seville,Madrid,Spain,155,66.0,False,ES,330,200.06,0.6062,390.3,5153450.3,False
Seville,Malaga,Spain,119,20.0,False,ES,330,200.06,0.6062,156.3,625380.9,False
Seville,Valencia,Spain,262,1.0,False,ES,330,200.06,0.6062,539.7,107971.2,False
Strasbourg,Bordeaux,Switzerland,367,0.4,False,CH,400,106.06,0.2651,758.4,32174.2,False
Strasbourg,Cologne,Germany,206,1.6,True,DE,490,120.59,0.2461,267.4,51594.6,False
Strasbourg,Frankfurt,Germany,100,61.2,True,DE,490,120.59,0.2461,183.4,1353547.3,False
Strasbourg,Hannover,Germany,356,0.6,True,DE,490,120.59,0.2461,443.9,32118.8,False
Strasbourg,Leipzig,Germany,380,2.6,True,DE,490,120.59,0.2461,450.8,141344.8,False
Strasbourg,Lyon,Germany,210,94.4,False,DE,490,120.59,0.2461,383.8,4369177.0,False
Strasbourg,Nantes,Switzerland,375,0.4,False,CH,400,106.06,0.2651,709.2,30087.0,False
Strasbourg,Paris,Germany,103,200.8,False,DE,490,120.59,0.2461,397.0,9613397.2,False
Strasbourg,Stuttgart,Germany,70,13.5,False,DE,490,120.59,0.2461,107.4,174848.0,False
Strasbourg,Zurich,Netherlands,124,6.0,True,NL(fallback=EU_median),290,93.32,0.3218,148.0,82870.3,True
Stuttgart,Cologne,Germany,171,14.9,False,DE,490,120.59,0.2461,287.5,516590.9,False
Stuttgart,Frankfurt,Germany,72,132.0,True,DE,490,120.59,0.2461,152.5,2427540.3,False
Stuttgart,Munich,Germany,101,125.6,True,DE,490,120.59,0.2461,190.8,2889952.3,False
Stuttgart,Nuremberg,Germany,99,22.4,False,DE,490,120.59,0.2461,157.2,424642.3,False
Stuttgart,Strasbourg,Germany,76,11.9,False,DE,490,120.59,0.2461,107.4,154125.3,False
The Hague,Amsterdam,Netherlands,6,253.0,True,NL(fallback=EU_median),290,93.32,0.3218,52.1,1230110.5,True
The Hague,Rotterdam,Netherlands,2,413.2,False,NL(fallback=EU_median),290,93.32,0.3218,21.1,813633.2,True
Toulouse,Bordeaux,France,140,12.5,False,FR,450,276.35,0.6141,212.0,732329.7,False
Toulouse,Lyon,France,237,30.6,False,FR,450,276.35,0.6141,359.6,3040898.4,False
Toulouse,Marseille,France,230,6.3,False,FR,450,276.35,0.6141,319.6,556426.9,False
Toulouse,Paris,France,423,4.0,True,FR,450,276.35,0.6141,587.8,649756.1,False
Turin,Genoa,Italy,33,242.0,False,IT,400,160.06,0.4001,123.9,4799070.9,False
Turin,Lyon,Italy,234,10.0,False,IT,400,160.06,0.4001,234.1,374689.8,False
Turin,Milan,Italy,36,428.2,False,IT,400,160.06,0.4001,125.5,8601480.3,False
Turin,Paris,France,333,2.2,False,FR,450,276.35,0.6141,583.7,354873.2,False
Utrecht,Amsterdam,Germany,3,443.0,True,DE,490,120.59,0.2461,35.2,1880481.5,False
Utrecht,Berlin,Netherlands,297,4.3,True,NL(fallback=EU_median),290,93.32,0.3218,565.2,226807.0,True
Utrecht,Bremen,Netherlands,208,0.9,False,NL(fallback=EU_median),290,93.32,0.3218,272.0,22845.3,True
Utrecht,Cologne,Germany,160,0.8999999999999999,True,DE,490,120.59,0.2461,180.4,19579.5,False
Utrecht,Dortmund,Germany,135,6.2,True,DE,490,120.59,0.2461,173.4,129647.3,False
Utrecht,Duisburg,Germany,81,7.899999999999999,True,DE,490,120.59,0.2461,134.7,128326.8,False
Utrecht,Dusseldorf,Netherlands,107,1.5,False,NL(fallback=EU_median),290,93.32,0.3218,149.6,20941.5,True
Utrecht,Hamburg,Netherlands,264,1.2,False,NL(fallback=EU_median),290,93.32,0.3218,365.2,40897.6,True
Utrecht,Hannover,Netherlands,216,0.5,False,NL(fallback=EU_median),290,93.32,0.3218,315.5,14721.6,True
Utrecht,Liege,Netherlands,114,34.0,False,NL(fallback=EU_median),290,93.32,0.3218,164.9,523221.3,True
Utrecht,Nuremberg,Germany,477,2.0,False,DE,490,120.59,0.2461,510.9,123222.1,False
Utrecht,Rotterdam,Netherlands,9,285.7,False,NL(fallback=EU_median),290,93.32,0.3218,47.8,1274453.5,True
Valencia,Barcelona,Spain,188,19.0,False,ES,330,200.06,0.6062,302.5,1149832.5,False
Valencia,Madrid,Spain,116,76.0,False,ES,330,200.06,0.6062,302.0,4591727.9,False
Valencia,Murcia,Spain,205,96.0,False,ES,330,200.06,0.6062,177.7,3412826.9,False
Valencia,Seville,Spain,260,1.0,False,ES,330,200.06,0.6062,539.7,107971.2,False
Venice,Milan,Switzerland,121,115.9,False,CH,400,106.06,0.2651,245.2,3014070.4,False
Venice,Munich,Germany,391,3.9,False,DE,490,120.59,0.2461,305.7,143774.8,False
Venice,Rome,Italy,181,133.0,False,IT,400,160.06,0.4001,394.5,8397869.9,False
Vienna,Munich,Germany,226,19.3,False,DE,490,120.59,0.2461,355.7,827873.2,False
Vienna,Nuremberg,Germany,316,7.6,True,DE,490,120.59,0.2461,411.4,377051.4,False
Vienna,Zurich,Switzerland,592,3.0,True,CH,400,106.06,0.2651,591.6,188234.4,False
Zurich,Cologne,Switzerland,447,1.9,True,CH,400,106.06,0.2651,413.3,83285.3,False
Zurich,Frankfurt,Switzerland,250,0.7,True,CH,400,106.06,0.2651,305.8,22703.1,False
Zurich,Geneva,Switzerland,155,149.3,False,CH,400,106.06,0.2651,224.2,3550135.3,False
Zurich,Hamburg,Switzerland,705,0.1,True,CH,400,106.06,0.2651,695.1,7372.2,False
Zurich,Hannover,Switzerland,454,0.3,True,CH,400,106.06,0.2651,562.8,17907.1,False
Zurich,Leipzig,Switzerland,529,1.6,True,CH,400,106.06,0.2651,521.2,88445.1,False
Zurich,Milan,Italy,97,85.0,False,IT,400,160.06,0.4001,217.1,2953583.4,False
Zurich,Paris,France,244,8.1,False,FR,450,276.35,0.6141,489.0,1094598.1,False
Zurich,Strasbourg,Italy,133,6.0,False,IT,400,160.06,0.4001,148.0,142129.2,False
Zurich,Vienna,Switzerland,592,2.4,True,CH,400,106.06,0.2651,591.6,150587.5,False
Porto,Madrid,Renfe/CP,360,1.0,False,EU_avg(fallback=EU_median),400,93.32,0.2333,421.1,39298.1,True
Madrid,Porto,Renfe/CP,360,1.0,False,EU_avg(fallback=EU_median),400,93.32,0.2333,421.1,39298.1,True
