scenario,p_disrupt,city,avg_stranded,avg_index
A,0.5,Strasbourg,3.4,0.0182
A,0.5,Duisburg,32.42857142857143,0.2342857142857143
A,0.5,Geneva,3.375,0.018375
A,0.5,Frankfurt,11.777777777777779,0.023000000000000003
A,0.5,Paris,27.666666666666668,0.037111111111111116
A,0.5,Venice,2.4285714285714284,0.018571428571428572
A,0.5,Antwerp,16.5,0.29512499999999997
A,0.5,Hamburg,46.77777777777778,0.17200000000000001
A,0.5,Bremen,31.625,0.295625
A,0.5,Nuremberg,8.571428571428571,0.05471428571428572
A,0.5,Rotterdam,34.6,0.24779999999999996
A,0.5,Palermo,2.6666666666666665,0.06166666666666667
A,0.5,London,86.33333333333333,0.12744444444444444
A,0.5,Liege,6.142857142857143,0.12142857142857146
A,0.5,Rome,6.0,0.017111111111111115
A,0.5,Seville,1.5,0.0125
A,0.5,Utrecht,29.5,0.21037499999999998
A,0.5,Hannover,16.0,0.08887500000000001
A,0.5,Cologne,21.6,0.0814
A,0.5,Vienna,8.428571428571429,0.03357142857142857
A,0.5,Leipzig,3.3333333333333335,0.025333333333333333
A,0.5,Dortmund,33.75,0.176875
A,0.5,Lille,25.375,0.354
A,0.5,Dusseldorf,34.57142857142857,0.251
A,0.5,Stuttgart,2.4,0.0196
A,0.5,Lyon,1.5,0.0115
A,0.5,Toulouse,3.0,0.025000000000000005
A,0.5,Amsterdam,50.3,0.10810000000000002
A,0.5,Munich,11.444444444444445,0.025888888888888892
A,0.5,Essen,33.77777777777778,0.2131111111111111
A,0.5,Lisbon,5.666666666666667,0.021111111111111112
A,0.5,The Hague,17.444444444444443,0.2132222222222222
A,0.5,Madrid,12.25,0.023
A,0.5,Barcelona,8.0,0.0174
A,0.5,Palma,5.5,0.026125000000000002
A,0.5,Zurich,6.444444444444445,0.022000000000000002
A,0.5,Milan,8.0,0.017444444444444446
A,0.5,Marseille,2.5,0.019500000000000003
A,0.5,Porto,3.0,0.023428571428571434
A,0.5,Turin,1.8,0.0172
A,0.5,Brussels,42.1,0.13999999999999999
A,0.5,Berlin,14.6,0.0394
B,0.5,Strasbourg,5.0,0.0275
B,0.5,Hannover,2.5,0.014
B,0.5,Cologne,2.5,0.01
B,0.5,Vienna,6.0,0.022
B,0.5,Leipzig,1.5,0.011
B,0.5,Geneva,4.5,0.025500000000000002
B,0.5,Frankfurt,8.0,0.0155
B,0.5,Paris,8.5,0.011
B,0.5,Stuttgart,1.0,0.008
B,0.5,Venice,1.0,0.007
B,0.5,Amsterdam,2.5,0.0055
B,0.5,Hamburg,4.0,0.014499999999999999
B,0.5,Munich,6.0,0.013999999999999999
B,0.5,Lisbon,2.5,0.01
B,0.5,Madrid,7.0,0.0125
B,0.5,Barcelona,6.0,0.0135
B,0.5,Palma,1.0,0.0055
B,0.5,Zurich,96.0,0.323
B,0.5,Rotterdam,1.0,0.008
B,0.5,Milan,10.5,0.023
B,0.5,Marseille,1.5,0.011
B,0.5,Porto,1.0,0.008
B,0.5,Palermo,1.0,0.026
B,0.5,Brussels,5.0,0.0155
B,0.5,London,10.0,0.015
B,0.5,Berlin,2.5,0.006500000000000001
B,0.5,Rome,3.0,0.009
B,0.5,Seville,1.0,0.009
C,0.5,Strasbourg,2.0,0.011333333333333334
C,0.5,Granada,11.0,0.324
C,0.5,Cologne,1.3333333333333333,0.005
C,0.5,Vienna,2.5,0.009
C,0.5,Geneva,2.3333333333333335,0.012666666666666668
C,0.5,Frankfurt,4.0,0.007800000000000001
C,0.5,Paris,5.2,0.0073999999999999995
C,0.5,Stuttgart,4.0,0.032
C,0.5,Venice,1.6666666666666667,0.012000000000000002
C,0.5,Lyon,1.0,0.007
C,0.5,Toulouse,1.3333333333333333,0.010666666666666666
C,0.5,Amsterdam,3.8,0.008199999999999999
C,0.5,Hamburg,5.5,0.02
C,0.5,Munich,3.6,0.008400000000000001
C,0.5,Lisbon,39.4,0.1432
C,0.5,Madrid,6.2,0.0118
C,0.5,Barcelona,4.6,0.009999999999999998
C,0.5,Palma,2.25,0.0115
C,0.5,Zurich,2.5,0.00875
C,0.5,Rotterdam,1.0,0.008
C,0.5,Milan,3.6,0.007999999999999998
C,0.5,Marseille,1.0,0.007
C,0.5,Porto,31.8,0.2594
C,0.5,Brussels,1.5,0.004750000000000001
C,0.5,London,8.8,0.013000000000000001
C,0.5,Berlin,3.5,0.00925
C,0.5,Rome,3.0,0.008799999999999999
C,0.5,Seville,1.25,0.01025
A,0.6,Strasbourg,2.375,0.013
A,0.6,Duisburg,36.5,0.26325
A,0.6,Geneva,3.3333333333333335,0.018111111111111113
A,0.6,Frankfurt,15.8,0.031000000000000007
A,0.6,Paris,27.3,0.0368
A,0.6,Venice,3.0,0.021625
A,0.6,Antwerp,16.444444444444443,0.2964444444444444
A,0.6,Hamburg,44.4,0.1631
A,0.6,Bremen,31.88888888888889,0.29588888888888887
A,0.6,Nuremberg,9.375,0.059500000000000004
A,0.6,Rotterdam,43.1,0.3117
A,0.6,Palermo,2.6,0.0578
A,0.6,London,103.0,0.1518
A,0.6,Liege,7.25,0.13787500000000003
A,0.6,Rome,7.3,0.020799999999999996
A,0.6,Seville,2.6666666666666665,0.021333333333333333
A,0.6,Utrecht,31.22222222222222,0.23000000000000004
A,0.6,Hannover,17.333333333333332,0.0978888888888889
A,0.6,Cologne,27.7,0.10600000000000001
A,0.6,Vienna,9.222222222222221,0.035111111111111114
A,0.6,Leipzig,4.2,0.032
A,0.6,Dortmund,43.22222222222222,0.22166666666666668
A,0.6,Lille,23.11111111111111,0.3218888888888889
A,0.6,Dusseldorf,40.375,0.28637500000000005
A,0.6,Stuttgart,2.8333333333333335,0.022833333333333334
A,0.6,Lyon,2.0,0.0154
A,0.6,Toulouse,2.888888888888889,0.02333333333333333
A,0.6,Amsterdam,65.0,0.1416
A,0.6,Munich,12.5,0.028700000000000003
A,0.6,Essen,35.5,0.22359999999999997
A,0.6,Lisbon,6.4,0.024100000000000003
A,0.6,The Hague,20.2,0.2572
A,0.6,Madrid,12.777777777777779,0.02388888888888889
A,0.6,Barcelona,10.1,0.0219
A,0.6,Palma,6.3,0.0294
A,0.6,Zurich,7.8,0.0262
A,0.6,Milan,9.0,0.0197
A,0.6,Marseille,2.1666666666666665,0.016166666666666666
A,0.6,Porto,3.625,0.028375
A,0.6,Turin,2.6,0.0236
A,0.6,Brussels,46.2,0.151
A,0.6,Berlin,17.7,0.047299999999999995
B,0.6,Strasbourg,3.0,0.017666666666666667
B,0.6,Hannover,3.5,0.019
B,0.6,Cologne,3.0,0.011
B,0.6,Vienna,5.333333333333333,0.020333333333333335
B,0.6,Leipzig,2.0,0.013999999999999999
B,0.6,Geneva,5.666666666666667,0.03333333333333333
B,0.6,Frankfurt,5.666666666666667,0.011000000000000001
B,0.6,Paris,13.333333333333334,0.018
B,0.6,Venice,1.3333333333333333,0.009
B,0.6,Amsterdam,2.6666666666666665,0.005666666666666667
B,0.6,Hamburg,3.6666666666666665,0.013666666666666667
B,0.6,Munich,3.6666666666666665,0.008666666666666668
B,0.6,Lisbon,1.6666666666666667,0.006666666666666667
B,0.6,Madrid,7.0,0.013333333333333334
B,0.6,Bremen,1.0,0.009
B,0.6,Barcelona,4.666666666666667,0.010333333333333333
B,0.6,Palma,1.5,0.0075
B,0.6,Zurich,95.0,0.33466666666666667
B,0.6,Rotterdam,1.0,0.008
B,0.6,Milan,7.666666666666667,0.016666666666666666
B,0.6,Marseille,1.0,0.007
B,0.6,Porto,1.5,0.0105
B,0.6,Brussels,3.6666666666666665,0.011000000000000001
B,0.6,London,7.666666666666667,0.011666666666666667
B,0.6,Berlin,3.0,0.007999999999999998
B,0.6,Rome,2.3333333333333335,0.006666666666666667
B,0.6,Seville,1.0,0.008
C,0.6,Strasbourg,3.0,0.016999999999999998
C,0.6,Granada,12.0,0.333
C,0.6,Cologne,1.75,0.00625
C,0.6,Vienna,2.3333333333333335,0.008666666666666666
C,0.6,Geneva,3.0,0.017
C,0.6,Frankfurt,4.333333333333333,0.0085
C,0.6,Paris,5.166666666666667,0.006999999999999999
C,0.6,Stuttgart,2.5,0.021
C,0.6,Murcia,11.0,0.3095
C,0.6,Venice,1.8,0.0126
C,0.6,Lyon,1.0,0.007
C,0.6,Toulouse,1.75,0.01375
C,0.6,Amsterdam,6.0,0.0128
C,0.6,Hamburg,3.3333333333333335,0.012333333333333335
C,0.6,Munich,4.8,0.011
C,0.6,Lisbon,44.166666666666664,0.1605
C,0.6,Madrid,11.166666666666666,0.021666666666666667
C,0.6,Barcelona,6.5,0.014333333333333332
C,0.6,Palma,2.0,0.01
C,0.6,Zurich,3.2,0.0106
C,0.6,Rotterdam,1.0,0.008
C,0.6,Valencia,3.0,0.054
C,0.6,Milan,4.0,0.008666666666666668
C,0.6,Marseille,1.0,0.007
C,0.6,Porto,35.833333333333336,0.2901666666666667
C,0.6,Brussels,1.6666666666666667,0.005333333333333333
C,0.6,London,12.0,0.0175
C,0.6,Berlin,2.8,0.0076
C,0.6,Rome,4.5,0.013
C,0.6,Seville,2.0,0.0156
A,0.7,Strasbourg,4.625,0.02475
A,0.7,Duisburg,34.4,0.2515
A,0.7,Geneva,5.0,0.027222222222222224
A,0.7,Frankfurt,20.1,0.039
A,0.7,Paris,36.1,0.0488
A,0.7,Venice,4.571428571428571,0.03257142857142857
A,0.7,Antwerp,18.7,0.329
A,0.7,Hamburg,55.0,0.19680000000000003
A,0.7,Bremen,32.1,0.2993
A,0.7,Nuremberg,10.333333333333334,0.06577777777777777
A,0.7,Rotterdam,43.0,0.3175
A,0.7,Palermo,2.2,0.0498
A,0.7,London,123.5,0.18249999999999997
A,0.7,Liege,9.444444444444445,0.1781111111111111
A,0.7,Rome,10.3,0.029500000000000005
A,0.7,Seville,3.2,0.0246
A,0.7,Utrecht,29.3,0.215
A,0.7,Hannover,18.3,0.10289999999999999
A,0.7,Cologne,31.5,0.12040000000000002
A,0.7,Vienna,12.777777777777779,0.049444444444444444
A,0.7,Leipzig,3.7142857142857144,0.028999999999999998
A,0.7,Dortmund,53.111111111111114,0.28099999999999997
A,0.7,Lille,22.2,0.3134
A,0.7,Dusseldorf,39.0,0.272
A,0.7,Stuttgart,3.625,0.028125
A,0.7,Lyon,1.6666666666666667,0.012500000000000002
A,0.7,Toulouse,3.3333333333333335,0.027555555555555555
A,0.7,Amsterdam,90.5,0.19790000000000002
A,0.7,Munich,16.1,0.037
A,0.7,Essen,46.9,0.2913
A,0.7,Lisbon,9.2,0.034199999999999994
A,0.7,The Hague,19.9,0.2582
A,0.7,Madrid,16.2,0.030899999999999993
A,0.7,Barcelona,13.8,0.030199999999999998
A,0.7,Palma,8.1,0.0389
A,0.7,Zurich,10.7,0.03610000000000001
A,0.7,Milan,12.6,0.0268
A,0.7,Marseille,2.5,0.019249999999999996
A,0.7,Porto,4.777777777777778,0.03733333333333334
A,0.7,Turin,3.0,0.026999999999999996
A,0.7,Brussels,74.7,0.24339999999999998
A,0.7,Berlin,23.0,0.06060000000000001
B,0.7,Strasbourg,2.8,0.0162
B,0.7,Hannover,2.2,0.0122
B,0.7,Cologne,1.5,0.00575
B,0.7,Vienna,6.2,0.022799999999999997
B,0.7,Leipzig,2.25,0.018000000000000002
B,0.7,Geneva,5.8,0.0328
B,0.7,Frankfurt,6.8,0.0132
B,0.7,Paris,11.0,0.014599999999999998
B,0.7,Stuttgart,1.3333333333333333,0.011333333333333334
B,0.7,Venice,2.0,0.01375
B,0.7,Amsterdam,3.0,0.0064
B,0.7,Hamburg,4.2,0.015399999999999997
B,0.7,Munich,4.2,0.0096
B,0.7,Lisbon,1.8,0.007200000000000001
B,0.7,Madrid,5.8,0.011
B,0.7,Bremen,1.0,0.009
B,0.7,Barcelona,5.4,0.0118
B,0.7,Palma,2.0,0.0098
B,0.7,Zurich,94.4,0.3284
B,0.7,Rotterdam,1.0,0.008
B,0.7,Milan,8.2,0.017800000000000003
B,0.7,Marseille,1.5,0.011
B,0.7,Porto,1.6666666666666667,0.013
B,0.7,Palermo,1.0,0.025333333333333333
B,0.7,Brussels,3.0,0.0092
B,0.7,London,7.8,0.012
B,0.7,Berlin,2.2,0.0058000000000000005
B,0.7,Rome,3.0,0.008799999999999999
B,0.7,Seville,1.25,0.01025
C,0.7,Strasbourg,3.0,0.01675
C,0.7,Granada,17.0,0.37
C,0.7,Cologne,1.5,0.006
C,0.7,Vienna,4.857142857142857,0.018
C,0.7,Geneva,3.1666666666666665,0.018833333333333334
C,0.7,Frankfurt,4.125,0.008
C,0.7,Paris,5.0,0.006666666666666666
C,0.7,Stuttgart,2.1666666666666665,0.017333333333333336
C,0.7,Murcia,10.75,0.28975
C,0.7,Venice,2.5,0.018000000000000002
C,0.7,Lyon,1.3333333333333333,0.012000000000000002
C,0.7,Toulouse,2.2,0.017599999999999998
C,0.7,Amsterdam,6.5,0.013875000000000002
C,0.7,Hamburg,3.0,0.010857142857142857
C,0.7,Munich,3.75,0.008625
C,0.7,Lisbon,53.22222222222222,0.19444444444444442
C,0.7,Madrid,13.0,0.025111111111111115
C,0.7,Barcelona,6.222222222222222,0.013777777777777778
C,0.7,Palma,4.125,0.02
C,0.7,Zurich,2.75,0.009375000000000001
C,0.7,Rotterdam,1.0,0.008
C,0.7,Valencia,5.0,0.07619999999999999
C,0.7,Milan,5.0,0.011000000000000001
C,0.7,Marseille,2.3333333333333335,0.017
C,0.7,Porto,37.44444444444444,0.29444444444444445
C,0.7,Brussels,2.0,0.0063750000000000005
C,0.7,London,11.5,0.017125
C,0.7,Berlin,3.0,0.007666666666666667
C,0.7,Rome,4.5,0.013375
C,0.7,Seville,3.0,0.02316666666666667
A,0.8,Strasbourg,4.222222222222222,0.02322222222222222
A,0.8,Duisburg,40.3,0.29789999999999994
A,0.8,Geneva,5.7,0.0311
A,0.8,Frankfurt,26.4,0.0513
A,0.8,Paris,40.2,0.0541
A,0.8,Venice,4.888888888888889,0.033666666666666664
A,0.8,Antwerp,20.5,0.3613
A,0.8,Hamburg,55.7,0.2
A,0.8,Bremen,32.6,0.3064
A,0.8,Nuremberg,10.3,0.0651
A,0.8,Rotterdam,46.1,0.3436
A,0.8,Palermo,2.25,0.052625000000000005
A,0.8,London,149.1,0.21959999999999996
A,0.8,Liege,12.3,0.23619999999999997
A,0.8,Rome,14.2,0.04010000000000001
A,0.8,Seville,3.1666666666666665,0.024166666666666666
A,0.8,Utrecht,36.5,0.2719
A,0.8,Hannover,20.4,0.11459999999999997
A,0.8,Cologne,37.3,0.14329999999999998
A,0.8,Vienna,14.666666666666666,0.05511111111111112
A,0.8,Leipzig,3.4444444444444446,0.02666666666666667
A,0.8,Dortmund,54.3,0.29500000000000004
A,0.8,Lille,21.6,0.3053
A,0.8,Naples,1.0,0.023
A,0.8,Dusseldorf,41.7,0.29220000000000007
A,0.8,Stuttgart,3.0,0.024555555555555556
A,0.8,Lyon,1.75,0.013375
A,0.8,Toulouse,3.3,0.027100000000000003
A,0.8,Amsterdam,102.1,0.22600000000000003
A,0.8,Munich,21.7,0.0502
A,0.8,Essen,47.8,0.2989
A,0.8,Lisbon,9.8,0.0371
A,0.8,The Hague,24.0,0.3099
A,0.8,Madrid,19.8,0.037399999999999996
A,0.8,Barcelona,17.4,0.03849999999999999
A,0.8,Palma,8.9,0.0426
A,0.8,Zurich,12.3,0.04189999999999999
A,0.8,Milan,15.3,0.03270000000000001
A,0.8,Marseille,2.875,0.02325
A,0.8,Porto,5.2,0.042699999999999995
A,0.8,Turin,3.0,0.026222222222222223
A,0.8,Brussels,96.7,0.3145
A,0.8,Berlin,25.0,0.0661
B,0.8,Strasbourg,2.6666666666666665,0.015499999999999998
B,0.8,Hannover,1.6666666666666667,0.009333333333333334
B,0.8,Cologne,1.6666666666666667,0.0065
B,0.8,Vienna,4.666666666666667,0.017499999999999998
B,0.8,Leipzig,1.6,0.012
B,0.8,Geneva,6.0,0.03416666666666667
B,0.8,Frankfurt,7.166666666666667,0.013833333333333331
B,0.8,Paris,10.5,0.013999999999999999
B,0.8,Stuttgart,1.6666666666666667,0.013666666666666667
B,0.8,Venice,1.8333333333333333,0.013
B,0.8,Amsterdam,3.5,0.007666666666666668
B,0.8,Hamburg,4.333333333333333,0.016166666666666666
B,0.8,Munich,4.166666666666667,0.009666666666666667
B,0.8,Lisbon,2.8333333333333335,0.011000000000000001
B,0.8,Madrid,5.5,0.0105
B,0.8,Barcelona,3.6666666666666665,0.007833333333333333
B,0.8,Palma,2.1666666666666665,0.010166666666666666
B,0.8,Zurich,96.16666666666667,0.3346666666666666
B,0.8,Rotterdam,1.0,0.0075
B,0.8,Milan,8.333333333333334,0.018166666666666668
B,0.8,Marseille,2.0,0.015
B,0.8,Porto,1.5,0.011500000000000002
B,0.8,Palermo,1.0,0.026000000000000002
B,0.8,Brussels,3.3333333333333335,0.010166666666666666
B,0.8,London,8.0,0.011833333333333333
B,0.8,Berlin,2.0,0.005
B,0.8,Rome,3.3333333333333335,0.009833333333333333
B,0.8,Seville,1.5,0.01225
C,0.8,Strasbourg,2.8,0.0164
C,0.8,Granada,16.0,0.39
C,0.8,Cologne,1.0,0.004
C,0.8,Vienna,2.4444444444444446,0.009333333333333332
C,0.8,Geneva,3.142857142857143,0.017714285714285714
C,0.8,Frankfurt,6.875,0.013625000000000002
C,0.8,Paris,7.333333333333333,0.010222222222222223
C,0.8,Stuttgart,1.5714285714285714,0.013285714285714286
C,0.8,Murcia,10.166666666666666,0.28983333333333333
C,0.8,Venice,2.2,0.014799999999999999
C,0.8,Lyon,1.0,0.008333333333333333
C,0.8,Toulouse,2.25,0.018625
C,0.8,Amsterdam,5.888888888888889,0.012888888888888887
C,0.8,Hamburg,3.0,0.011000000000000001
C,0.8,Munich,4.625,0.010625
C,0.8,Lisbon,56.888888888888886,0.2132222222222222
C,0.8,Madrid,17.88888888888889,0.03411111111111112
C,0.8,Barcelona,7.888888888888889,0.017
C,0.8,Palma,3.888888888888889,0.019000000000000003
C,0.8,Zurich,3.5,0.012125
C,0.8,Rotterdam,1.0,0.007
C,0.8,Valencia,4.0,0.06483333333333334
C,0.8,Milan,5.222222222222222,0.011333333333333334
C,0.8,Marseille,1.75,0.013999999999999999
C,0.8,Porto,39.77777777777778,0.3164444444444444
C,0.8,Brussels,2.0,0.006375
C,0.8,London,13.666666666666666,0.02
C,0.8,Berlin,2.25,0.006125
C,0.8,Rome,4.777777777777778,0.013444444444444446
C,0.8,Seville,3.0,0.02375
A,0.9,Strasbourg,4.2,0.022600000000000002
A,0.9,Duisburg,39.7,0.29169999999999996
A,0.9,Geneva,6.4,0.035300000000000005
A,0.9,Frankfurt,31.4,0.0613
A,0.9,Paris,44.9,0.06100000000000001
A,0.9,Venice,5.0,0.0354
A,0.9,Antwerp,20.5,0.36
A,0.9,Hamburg,61.9,0.22149999999999997
A,0.9,Bremen,33.3,0.31689999999999996
A,0.9,Nuremberg,10.9,0.0698
A,0.9,Rotterdam,46.3,0.34199999999999997
A,0.9,Palermo,2.4285714285714284,0.055714285714285716
A,0.9,London,170.6,0.2507
A,0.9,Liege,13.1,0.24910000000000002
A,0.9,Rome,16.0,0.0452
A,0.9,Seville,3.125,0.024625
A,0.9,Utrecht,44.4,0.32430000000000003
A,0.9,Hannover,23.5,0.13240000000000002
A,0.9,Cologne,39.6,0.1523
A,0.9,Vienna,15.11111111111111,0.057444444444444444
A,0.9,Leipzig,4.2,0.0328
A,0.9,Dortmund,60.1,0.3237
A,0.9,Lille,22.2,0.3215
A,0.9,Naples,1.0,0.025
A,0.9,Dusseldorf,45.3,0.31409999999999993
A,0.9,Stuttgart,3.0,0.024444444444444446
A,0.9,Lyon,1.625,0.012625
A,0.9,Toulouse,4.0,0.0327
A,0.9,Amsterdam,117.2,0.2592
A,0.9,Munich,24.5,0.056900000000000006
A,0.9,Essen,50.7,0.318
A,0.9,Lisbon,11.8,0.0442
A,0.9,The Hague,24.1,0.3099
A,0.9,Madrid,22.4,0.04259999999999999
A,0.9,Barcelona,20.5,0.045
A,0.9,Palma,10.6,0.0518
A,0.9,Zurich,14.4,0.0484
A,0.9,Milan,18.3,0.03899999999999999
A,0.9,Marseille,3.25,0.025875000000000002
A,0.9,Porto,6.0,0.0484
A,0.9,Turin,3.1,0.027800000000000002
A,0.9,Brussels,94.5,0.30979999999999996
A,0.9,Berlin,30.2,0.07909999999999999
B,0.9,Strasbourg,3.2857142857142856,0.019571428571428573
B,0.9,Hannover,2.6666666666666665,0.014666666666666668
B,0.9,Cologne,2.5714285714285716,0.01
B,0.9,Vienna,4.571428571428571,0.01742857142857143
B,0.9,Leipzig,1.7142857142857142,0.01257142857142857
B,0.9,Geneva,4.428571428571429,0.02457142857142857
B,0.9,Frankfurt,7.285714285714286,0.014142857142857143
B,0.9,Paris,10.428571428571429,0.014142857142857141
B,0.9,Stuttgart,1.4,0.0112
B,0.9,Venice,2.0,0.0134
B,0.9,Amsterdam,3.5714285714285716,0.007714285714285714
B,0.9,Hamburg,6.571428571428571,0.023857142857142858
B,0.9,Munich,6.0,0.013857142857142858
B,0.9,Lisbon,3.7142857142857144,0.014428571428571428
B,0.9,Madrid,5.285714285714286,0.01042857142857143
B,0.9,Palma,2.4285714285714284,0.011571428571428571
B,0.9,Barcelona,3.857142857142857,0.008285714285714287
B,0.9,Zurich,93.57142857142857,0.31857142857142856
B,0.9,Rotterdam,1.0,0.008
B,0.9,Milan,10.0,0.02142857142857143
B,0.9,Marseille,1.4,0.0108
B,0.9,Porto,1.8571428571428572,0.014571428571428572
B,0.9,Palermo,1.0,0.02525
B,0.9,Brussels,2.8333333333333335,0.008833333333333334
B,0.9,London,6.857142857142857,0.010428571428571428
B,0.9,Berlin,2.2857142857142856,0.006
B,0.9,Rome,3.2857142857142856,0.009571428571428573
B,0.9,Seville,1.6666666666666667,0.012666666666666666
C,0.9,Strasbourg,2.7142857142857144,0.01542857142857143
C,0.9,Granada,11.0,0.24666666666666667
C,0.9,Cologne,1.1428571428571428,0.004571428571428572
C,0.9,Bilbao,5.0,0.17733333333333334
C,0.9,Vienna,5.0,0.018777777777777775
C,0.9,Geneva,3.2222222222222223,0.01911111111111111
C,0.9,Frankfurt,6.2,0.0126
C,0.9,Paris,9.3,0.0125
C,0.9,Stuttgart,1.5555555555555556,0.012555555555555558
C,0.9,Murcia,11.625,0.335375
C,0.9,Venice,3.0,0.020833333333333332
C,0.9,Lyon,1.0,0.007666666666666666
C,0.9,Toulouse,3.0,0.02442857142857143
C,0.9,Amsterdam,7.0,0.015200000000000002
C,0.9,Hamburg,3.5555555555555554,0.013222222222222222
C,0.9,Munich,4.888888888888889,0.01111111111111111
C,0.9,Lisbon,63.9,0.2414
C,0.9,Madrid,17.1,0.03300000000000001
C,0.9,Barcelona,13.0,0.028900000000000002
C,0.9,Palma,4.1,0.0194
C,0.9,Zurich,3.4,0.011600000000000003
C,0.9,Valencia,10.714285714285714,0.16528571428571429
C,0.9,Milan,6.1,0.013500000000000002
C,0.9,Marseille,1.75,0.01275
C,0.9,Porto,34.6,0.2768
C,0.9,Palermo,2.0,0.047
C,0.9,Turin,4.0,0.038
C,0.9,Brussels,3.0,0.00975
C,0.9,London,16.1,0.0233
C,0.9,Berlin,5.625,0.014624999999999999
C,0.9,Rome,6.3,0.0177
C,0.9,Seville,4.666666666666667,0.03855555555555555
A,1.0,Strasbourg,6.0,0.03311111111111111
A,1.0,Duisburg,43.4,0.3116
A,1.0,Geneva,9.8,0.05450000000000001
A,1.0,Frankfurt,38.5,0.07469999999999999
A,1.0,Paris,59.5,0.0809
A,1.0,Venice,7.2,0.0511
A,1.0,Antwerp,19.5,0.3526000000000001
A,1.0,Hamburg,87.8,0.32589999999999997
A,1.0,Bremen,36.4,0.34509999999999996
A,1.0,Nuremberg,14.4,0.0893
A,1.0,Rotterdam,48.2,0.3478
A,1.0,Palermo,2.875,0.066
A,1.0,London,228.0,0.33080000000000004
A,1.0,Liege,14.4,0.2643
A,1.0,Rome,21.5,0.0613
A,1.0,Seville,3.6,0.029099999999999997
A,1.0,Utrecht,43.7,0.3271
A,1.0,Hannover,28.7,0.16299999999999998
A,1.0,Cologne,48.2,0.1857
A,1.0,Vienna,20.0,0.0768
A,1.0,Leipzig,3.4,0.026600000000000002
A,1.0,Dortmund,60.6,0.32939999999999997
A,1.0,Lille,23.8,0.34540000000000004
A,1.0,Naples,1.0,0.016
A,1.0,Dusseldorf,47.0,0.32039999999999996
A,1.0,Stuttgart,4.9,0.0393
A,1.0,Lyon,2.3333333333333335,0.017444444444444443
A,1.0,Toulouse,5.9,0.049
A,1.0,Amsterdam,147.7,0.3237
A,1.0,Munich,31.9,0.0732
A,1.0,Essen,56.6,0.3495
A,1.0,Lisbon,18.9,0.0707
A,1.0,The Hague,24.8,0.3085
A,1.0,Madrid,30.4,0.0588
A,1.0,Barcelona,27.3,0.0596
A,1.0,Palma,15.1,0.0742
A,1.0,Zurich,20.8,0.07040000000000002
A,1.0,Milan,26.5,0.0563
A,1.0,Marseille,4.1,0.03150000000000001
A,1.0,Porto,7.7,0.0611
A,1.0,Turin,3.8,0.0354
A,1.0,Brussels,100.9,0.32989999999999997
A,1.0,Berlin,38.5,0.10200000000000001
B,1.0,Strasbourg,4.3,0.024800000000000003
B,1.0,Hannover,2.111111111111111,0.012
B,1.0,Cologne,2.8,0.0109
B,1.0,Vienna,6.2,0.023200000000000002
B,1.0,Leipzig,3.142857142857143,0.02428571428571429
B,1.0,Geneva,5.5,0.030699999999999998
B,1.0,Frankfurt,8.5,0.0171
B,1.0,Paris,9.4,0.0129
B,1.0,Stuttgart,1.2,0.01
B,1.0,Venice,2.111111111111111,0.014888888888888889
B,1.0,Amsterdam,4.888888888888889,0.010777777777777777
B,1.0,Hamburg,3.7,0.0132
B,1.0,Munich,5.7,0.0131
B,1.0,Lisbon,3.25,0.012624999999999999
B,1.0,Madrid,5.0,0.009600000000000001
B,1.0,Bremen,1.0,0.009
B,1.0,Palma,2.4444444444444446,0.011888888888888888
B,1.0,Barcelona,4.5,0.009899999999999999
B,1.0,Zurich,95.9,0.32639999999999997
B,1.0,Rotterdam,1.0,0.008
B,1.0,Milan,8.3,0.017800000000000003
B,1.0,Marseille,1.4,0.010199999999999999
B,1.0,Porto,1.625,0.01225
B,1.0,Palermo,1.3333333333333333,0.03233333333333333
B,1.0,Brussels,2.2,0.007000000000000001
B,1.0,London,9.222222222222221,0.013333333333333334
B,1.0,Berlin,2.4,0.0063
B,1.0,Rome,3.4,0.0096
B,1.0,Seville,1.5,0.012499999999999999
C,1.0,Strasbourg,3.0,0.0164
C,1.0,Granada,14.4,0.3258
C,1.0,Cologne,2.1,0.008300000000000002
C,1.0,Bilbao,10.0,0.33259999999999995
C,1.0,Vienna,11.8,0.04429999999999999
C,1.0,Geneva,7.9,0.0442
C,1.0,Frankfurt,12.9,0.0256
C,1.0,Paris,21.1,0.028600000000000004
C,1.0,Stuttgart,2.0,0.016900000000000005
C,1.0,Murcia,9.9,0.29710000000000003
C,1.0,Venice,5.0,0.0371
C,1.0,Lyon,1.75,0.013375000000000001
C,1.0,Toulouse,4.3,0.0354
C,1.0,Amsterdam,19.0,0.0414
C,1.0,Hamburg,6.3,0.023299999999999998
C,1.0,Munich,11.3,0.0262
C,1.0,Lisbon,86.7,0.32189999999999996
C,1.0,Madrid,169.7,0.3285
C,1.0,Barcelona,41.6,0.0909
C,1.0,Palma,11.0,0.054400000000000004
C,1.0,Zurich,7.5,0.0258
C,1.0,Rotterdam,1.0,0.0075
C,1.0,Valencia,23.5,0.36689999999999995
C,1.0,Milan,16.8,0.03629999999999999
C,1.0,Marseille,3.7,0.028200000000000003
C,1.0,Porto,40.2,0.31610000000000005
C,1.0,Palermo,1.6,0.0336
C,1.0,Turin,1.8571428571428572,0.018142857142857145
C,1.0,Brussels,5.9,0.0189
C,1.0,London,37.6,0.05450000000000001
C,1.0,Berlin,7.6,0.019700000000000002
C,1.0,Rome,13.6,0.038700000000000005
C,1.0,Seville,41.9,0.33149999999999996
